total_score,score,dslf_fa13,fa_atr,fa_dun,fa_elec,fa_intra_rep,fa_intra_sol_xover4,fa_rep,fa_sol,hbond_bb_sc,hbond_lr_bb,hbond_sc,hbond_sr_bb,lk_ball_wtd,omega,p_aa_pp,pro_close,rama_prepro,ref,time,solubility
-470.914,-470.914,0.0,-1203.414,338.522,-341.858,2.604,46.0,129.335,717.16,-35.013,-21.947,-19.614,-98.392,-29.718,11.135,-34.513,0.769,7.706,60.218,1.0,77
-619.93,-619.93,0.0,-1890.675,497.641,-474.868,3.522,61.099,236.58,1104.089,-40.691,-28.106,-27.842,-155.526,-47.973,18.094,-48.935,4.452,21.634,147.414,1.0,38
-265.255,-265.255,0.0,-835.965,263.453,-240.659,1.869,35.778,110.637,508.578,-23.285,-31.061,-10.062,-56.936,-23.848,5.542,-22.884,0.475,-1.901,54.992,0.0,83
-844.622,-844.622,-0.844,-2087.197,547.917,-575.513,4.085,69.996,265.698,1250.822,-64.191,-61.678,-37.873,-132.53,-54.162,11.092,-68.061,2.464,-4.538,88.832,0.0,62
-830.058,-830.058,0.0,-1848.881,425.681,-545.863,3.959,58.497,194.939,1129.652,-29.508,-66.561,-42.717,-133.259,-47.118,7.321,-43.925,3.18,12.627,91.631,0.0,87
-417.515,-417.516,0.0,-1069.735,271.352,-285.792,2.029,39.243,119.779,643.395,-32.066,-35.84,-20.778,-61.969,-28.289,5.167,-28.019,0.943,27.902,35.157,0.0,99
-582.613,-582.613,0.0,-1614.635,469.61,-462.89,2.957,54.108,190.076,970.989,-47.266,-47.003,-32.02,-116.25,-43.595,28.56,-56.461,2.181,16.16,102.831,0.0,24
-514.828,-514.828,0.0,-1195.134,335.7,-369.829,2.386,44.324,115.564,787.228,-39.056,-35.14,-32.603,-95.12,-36.397,21.167,-52.979,1.361,-17.373,50.85,0.0,105
-701.491,-701.491,0.0,-1638.642,454.928,-502.743,2.952,63.862,157.056,1032.836,-54.078,-91.295,-45.144,-75.812,-38.32,11.138,-56.657,1.679,33.851,42.628,0.0,24
-697.755,-697.755,0.0,-2211.227,636.261,-601.431,4.563,78.272,297.258,1335.968,-52.126,-64.365,-29.813,-133.637,-65.169,29.44,-57.246,4.553,47.434,83.034,0.0,96
-347.105,-347.105,0.0,-841.727,194.261,-240.105,1.694,27.232,87.691,499.137,-17.256,-27.589,-20.12,-55.713,-21.202,2.982,-27.129,0.763,16.219,73.707,0.0,112
-903.903,-903.904,0.0,-1918.344,412.321,-561.7,3.163,63.629,202.062,1193.744,-76.151,-57.964,-52.809,-118.235,-46.279,9.743,-59.91,0.914,4.443,97.356,0.0,34
-512.309,-512.309,0.0,-1670.889,467.12,-452.028,4.048,56.589,233.847,937.132,-38.708,-80.344,-27.2,-98.531,-37.629,33.798,-58.747,10.285,77.814,131.038,0.0,38
57.422,57.422,0.0,-701.677,341.552,-164.626,1.84,33.067,127.236,489.506,-14.942,-0.839,-8.229,-57.031,-17.323,16.098,-16.786,1.849,22.089,5.398,0.0,12
-699.029,-699.029,0.0,-2062.195,495.1,-538.303,4.039,64.936,267.0,1197.9,-56.872,-77.012,-34.46,-116.411,-52.828,19.412,-59.111,1.941,67.097,180.736,0.0,19
-1313.677,-1313.677,0.0,-3538.261,936.436,-980.92,7.206,123.291,484.893,2130.214,-100.853,-149.759,-67.4,-182.855,-84.454,27.789,-104.209,3.637,3.15,178.173,1.0,82
-303.433,-303.433,0.0,-903.27,293.85,-273.536,2.008,27.198,118.713,518.329,-28.265,-41.098,-18.135,-58.119,-19.475,14.662,-28.791,1.255,23.461,67.762,0.0,113
-1010.873,-1010.873,0.0,-2280.954,505.152,-635.857,4.144,73.5,233.18,1358.547,-83.805,-78.264,-50.351,-148.863,-55.486,9.505,-69.916,0.973,23.274,184.328,0.0,28
-386.476,-386.476,0.0,-2126.279,700.827,-549.739,4.621,71.616,291.67,1306.193,-42.198,-66.712,-35.446,-139.146,-48.257,87.528,-53.836,13.044,77.591,121.198,0.0,58
-203.811,-203.811,0.0,-537.764,154.84,-169.685,1.164,25.591,53.094,401.016,-22.022,-4.559,-22.429,-41.535,-12.356,6.943,-21.63,0.925,-15.631,0.16,0.0,89
-904.841,-904.841,0.0,-2350.783,536.302,-622.964,4.178,74.903,353.916,1409.513,-68.72,-108.08,-53.402,-86.658,-50.396,16.547,-91.931,2.344,4.431,125.418,0.0,60
-897.358,-897.358,0.0,-2267.739,553.65,-627.888,4.184,79.584,265.951,1380.63,-84.289,-73.777,-43.864,-143.555,-59.685,11.258,-65.894,1.375,9.675,162.929,0.0,45
-541.826,-541.826,0.0,-1757.39,506.387,-487.157,4.106,54.334,274.037,1034.802,-68.231,-62.865,-28.152,-97.606,-41.281,21.588,-46.127,4.093,33.703,113.686,0.0,42
-762.806,-762.806,0.0,-2140.305,568.69,-589.138,4.329,76.932,259.374,1265.06,-59.277,-66.439,-52.757,-142.682,-43.035,10.182,-52.311,1.73,40.702,156.044,0.0,18
-533.502,-533.502,0.0,-1556.787,444.476,-427.603,3.301,53.492,208.802,884.302,-30.36,-53.489,-29.58,-88.887,-35.882,11.645,-48.549,1.506,34.514,95.55,0.0,30
-860.348,-860.348,0.0,-2010.173,503.017,-614.456,3.726,67.278,222.875,1236.455,-60.706,-69.947,-67.33,-126.291,-48.905,17.893,-56.07,1.403,37.192,103.561,0.0,4
-196.293,-196.293,0.0,-504.315,145.941,-134.561,1.053,19.37,60.326,291.969,-12.279,-35.891,-10.998,-19.486,-12.618,4.004,-15.829,0.488,6.004,20.474,0.0,86
-237.315,-237.315,0.0,-1462.535,501.903,-388.823,3.979,55.761,243.191,891.155,-36.234,-61.575,-26.532,-87.739,-33.733,33.224,-43.847,1.044,43.666,129.755,0.0,94
-388.48,-388.48,0.0,-1117.299,340.642,-303.52,2.745,45.783,135.552,685.202,-24.937,-63.692,-22.032,-60.44,-27.081,7.038,-34.37,1.95,3.807,42.15,0.0,51
-1163.634,-1163.634,0.0,-2891.815,730.495,-756.032,5.163,102.933,312.1,1729.863,-88.526,-49.017,-57.784,-201.785,-81.181,18.155,-73.07,4.267,-7.945,140.067,0.0,2
-1114.705,-1114.705,0.0,-2597.221,617.764,-734.356,5.532,84.713,290.147,1561.444,-82.695,-107.022,-70.265,-131.785,-60.462,20.667,-97.994,3.66,22.519,160.239,0.0,30
-301.892,-301.892,0.0,-757.79,181.332,-226.301,1.773,30.123,69.552,506.544,-28.89,-24.708,-9.204,-64.373,-21.998,22.397,-33.139,0.643,-8.585,60.601,0.0,52
-1153.304,-1153.304,0.0,-2704.985,574.136,-741.876,4.848,86.259,344.114,1606.465,-92.505,-80.22,-56.214,-155.523,-59.253,17.891,-81.19,5.411,15.225,163.82,0.0,15
-1336.948,-1336.948,0.0,-2976.339,731.833,-839.524,5.403,104.508,331.457,1761.67,-99.309,-123.627,-72.502,-156.733,-71.317,12.848,-103.308,3.018,-6.228,160.966,0.0,16
-544.512,-544.512,-1.13,-1194.14,276.434,-328.065,2.202,43.424,135.18,716.858,-31.528,-45.904,-23.008,-77.429,-33.595,4.47,-48.044,1.321,-16.734,75.145,0.0,82
-587.788,-587.788,0.0,-1480.484,389.074,-441.506,3.071,53.682,159.13,953.166,-37.892,-47.021,-41.549,-108.042,-39.892,7.234,-42.346,1.269,-10.32,94.223,0.0,56
-316.775,-316.775,0.0,-1655.155,619.284,-409.171,4.014,61.593,239.451,974.561,-34.186,-54.02,-25.739,-97.208,-37.604,31.196,-51.71,0.834,16.231,100.717,0.0,92
-260.141,-260.141,0.0,-989.776,317.944,-293.09,2.327,43.295,118.349,709.674,-8.418,-17.28,-8.588,-111.609,-33.181,7.135,-22.234,0.846,-0.151,24.617,1.0,110
-316.978,-316.978,0.0,-834.126,220.265,-230.891,1.6,33.451,106.316,510.287,-27.317,-32.927,-15.866,-47.078,-17.572,3.318,-28.032,0.886,-3.982,44.653,0.0,70
-598.03,-598.03,0.0,-1655.94,470.568,-467.1,3.196,59.676,191.671,1020.506,-69.372,-46.942,-44.54,-107.731,-34.57,26.619,-46.435,0.424,8.62,92.886,0.0,26
-489.459,-489.459,0.0,-1225.669,259.35,-287.519,2.467,34.179,151.586,639.731,-21.352,-38.195,-10.993,-77.637,-30.194,5.698,-36.261,3.277,23.791,118.28,0.0,78
-336.996,-336.996,0.0,-1000.485,289.297,-300.705,1.869,41.117,95.679,719.672,-19.485,-1.989,-16.99,-121.945,-28.011,9.386,-17.032,0.522,3.618,8.191,0.0,75
-243.871,-243.871,0.0,-642.731,166.18,-135.973,1.45,21.851,55.532,333.668,-17.782,-48.808,-6.491,-15.037,-17.686,14.906,-24.257,1.377,7.567,62.352,0.0,97
-231.716,-231.716,0.0,-601.558,175.786,-162.621,1.164,24.563,68.848,378.86,-20.373,-28.674,-11.941,-37.106,-16.729,2.75,-23.895,0.264,3.072,15.864,0.0,113
-836.592,-836.592,0.0,-2091.026,474.721,-519.712,4.072,62.98,265.093,1156.511,-54.588,-63.235,-43.174,-139.924,-48.569,10.986,-67.6,1.999,26.869,187.918,0.0,49
-1026.555,-1026.555,0.0,-3082.199,861.321,-835.886,6.2,115.452,436.324,1912.828,-113.535,-121.872,-66.937,-157.532,-79.496,34.733,-94.377,6.23,30.889,120.591,0.0,79
-317.363,-317.363,0.0,-848.899,245.57,-238.274,2.083,27.803,147.361,448.261,-17.24,-66.756,-11.749,-25.272,-13.998,10.271,-39.534,2.01,7.334,53.664,0.0,114
-460.103,-460.103,0.0,-1334.006,370.021,-369.553,2.916,51.372,159.871,856.263,-44.118,-36.31,-30.155,-99.432,-34.631,4.891,-42.195,1.257,-6.037,89.606,0.0,77
-782.438,-782.438,0.0,-2205.129,588.178,-569.345,4.612,84.474,262.545,1301.49,-59.482,-65.409,-33.524,-148.037,-61.693,19.883,-66.829,2.778,27.754,135.067,0.0,76
-786.726,-786.726,0.0,-1997.708,495.089,-580.073,4.219,67.634,254.998,1234.282,-78.145,-69.71,-38.984,-127.268,-43.576,11.774,-64.853,2.497,24.371,118.564,0.0,13
-285.824,-285.824,0.0,-652.899,173.214,-190.283,1.34,26.747,67.002,389.124,-15.54,-48.155,-17.844,-22.841,-16.863,11.416,-31.334,0.465,1.485,38.889,0.0,100
-393.435,-393.435,0.0,-946.343,267.859,-250.824,1.858,35.338,111.345,557.064,-37.051,-52.769,-12.312,-40.485,-24.185,16.552,-43.844,1.595,-12.555,35.098,0.0,93
-786.311,-786.311,0.0,-1781.913,390.269,-498.4,3.475,57.384,204.325,1039.331,-60.438,-66.125,-36.883,-104.525,-41.878,29.768,-55.09,1.882,23.628,108.844,0.0,41
-89.827,-89.827,0.0,-397.89,126.815,-109.47,1.039,17.047,43.667,282.4,-2.654,-3.775,-6.857,-47.443,-14.881,8.141,-13.452,0.391,3.297,23.789,0.0,110
-485.68,-485.68,0.0,-886.795,178.457,-261.373,1.532,28.799,94.295,505.228,-41.276,-63.374,-14.377,-23.135,-15.383,11.0,-51.781,0.542,-15.054,66.541,0.0,112
-323.702,-323.702,0.0,-731.861,210.626,-221.659,1.303,25.476,57.223,433.997,-15.655,-44.626,-18.986,-47.526,-20.036,11.003,-23.627,0.879,20.362,39.386,0.0,84
-509.541,-509.541,0.0,-1198.331,303.014,-324.306,2.425,43.674,126.48,712.622,-32.925,-38.668,-21.301,-91.559,-28.136,7.979,-47.844,1.557,-17.485,93.182,0.0,54
-1446.162,-1446.162,0.0,-3461.506,927.093,-1031.496,6.28,115.119,349.09,2149.126,-110.1,-113.012,-92.735,-217.355,-84.833,19.527,-120.336,4.424,-13.438,227.018,0.0,36
-34.466,-34.466,0.0,-487.808,186.514,-128.906,1.206,21.225,58.412,350.961,-10.433,-1.699,-6.041,-54.439,-13.443,4.259,-5.532,0.184,7.307,43.769,0.0,88
-1125.229,-1125.229,0.0,-2503.818,593.445,-738.516,4.835,84.975,257.55,1482.775,-60.61,-122.122,-61.647,-148.887,-64.422,29.3,-108.253,4.083,35.6,190.151,0.0,67
-822.08,-822.08,0.0,-2035.822,470.952,-561.118,3.909,62.737,245.218,1237.528,-66.68,-61.007,-32.797,-128.65,-49.836,7.442,-60.974,5.781,10.12,131.009,0.0,100
-963.678,-963.678,0.0,-2562.591,640.526,-700.864,4.882,80.906,375.425,1435.05,-75.988,-106.554,-28.954,-149.589,-51.688,30.295,-95.066,2.415,10.739,227.376,0.0,59
-195.711,-195.711,0.0,-482.876,151.912,-175.146,1.306,16.607,56.907,297.642,-16.384,-30.843,-12.651,-26.026,-11.672,8.171,-18.796,0.11,-4.809,50.837,0.0,41
-153.805,-153.805,0.0,-869.764,335.067,-251.542,2.229,38.307,127.817,584.479,-16.399,-34.718,-24.135,-60.608,-19.041,17.109,-23.676,1.63,15.417,23.964,0.0,87
-848.378,-848.378,0.0,-1862.206,482.775,-551.751,3.828,65.061,183.318,1118.023,-55.359,-91.019,-59.861,-99.857,-40.668,29.728,-64.755,3.099,0.831,90.309,0.0,77
-657.552,-657.552,0.0,-1468.359,309.852,-394.285,2.804,44.927,188.26,834.632,-31.472,-62.036,-16.445,-97.567,-38.087,9.281,-59.043,0.97,-8.175,127.19,0.0,81
-821.486,-821.486,0.0,-1652.648,336.919,-470.946,2.781,53.683,163.188,967.131,-45.081,-54.667,-41.892,-122.838,-45.527,30.104,-51.39,0.843,-9.364,118.051,0.0,14
-740.735,-740.735,0.0,-2392.001,634.828,-699.703,4.646,85.548,480.802,1489.474,-63.398,-81.49,-60.785,-158.617,-55.754,11.189,-63.893,5.232,16.728,106.353,0.0,87
-888.386,-888.386,0.0,-1957.291,428.816,-578.877,3.881,62.539,208.822,1223.065,-46.682,-59.088,-53.148,-162.874,-53.394,37.266,-59.755,2.333,5.043,110.715,0.0,70
-1123.128,-1123.128,0.0,-3012.022,745.902,-809.508,5.397,95.022,364.275,1819.575,-89.797,-101.141,-55.52,-186.337,-71.727,14.023,-80.639,5.132,50.964,183.037,0.0,58
-422.504,-422.504,0.0,-1323.322,401.249,-344.486,2.807,46.962,173.676,759.594,-27.552,-49.998,-19.543,-79.649,-34.186,8.878,-45.531,1.19,7.875,99.494,0.0,93
-681.331,-681.331,0.0,-1702.261,404.586,-471.65,3.481,59.142,207.088,1013.97,-46.735,-59.107,-41.832,-104.208,-41.902,35.787,-51.751,1.228,22.632,89.596,0.0,64
-207.799,-207.799,-0.939,-413.256,97.857,-108.784,0.827,16.151,47.315,224.093,-5.513,-16.884,-12.314,-26.2,-11.412,1.891,-17.985,0.554,-10.374,27.174,0.0,103
-930.576,-930.576,0.0,-1832.299,366.207,-540.638,3.072,54.534,196.72,1059.295,-75.387,-86.591,-38.515,-110.021,-45.121,6.315,-65.619,1.106,3.095,173.115,0.0,92
-1496.971,-1496.971,-1.462,-3212.563,754.04,-931.006,5.917,102.419,383.051,1967.947,-124.487,-143.026,-88.497,-157.766,-77.64,14.148,-115.682,2.684,20.715,103.82,0.0,77
-406.839,-406.839,0.0,-1070.468,268.881,-297.788,2.307,35.371,138.48,620.164,-32.89,-44.17,-17.491,-58.226,-21.577,12.753,-39.746,3.369,21.149,72.843,0.0,70
-1044.354,-1044.354,0.0,-2484.515,694.519,-759.53,5.151,86.492,295.086,1466.942,-71.806,-170.357,-49.001,-96.164,-46.93,11.044,-96.618,1.717,-15.443,184.846,0.0,95
-779.294,-779.294,0.0,-2075.342,508.306,-557.019,5.193,74.396,273.052,1320.46,-85.83,-69.13,-64.458,-92.777,-45.314,9.984,-63.376,6.496,-3.95,79.268,1.0,61
-398.661,-398.661,0.0,-879.399,195.633,-248.813,1.64,30.495,95.412,523.078,-28.677,-43.566,-23.018,-43.704,-19.452,7.14,-26.059,1.146,4.35,55.085,0.0,32
-569.782,-569.782,0.0,-1514.014,411.365,-435.872,2.951,53.622,169.33,912.258,-55.514,-75.077,-28.432,-82.927,-40.915,31.227,-63.083,2.001,22.339,120.876,0.0,11
-584.87,-584.87,0.0,-1232.022,287.611,-335.72,2.311,45.707,137.888,709.037,-48.122,-48.21,-25.162,-72.923,-31.246,5.243,-51.057,1.359,-18.507,88.864,0.0,67
-452.547,-452.547,0.0,-1196.622,305.761,-337.075,2.514,48.449,126.862,761.844,-31.69,-31.703,-22.252,-97.481,-33.612,5.307,-33.166,0.417,-4.746,84.568,0.0,48
-252.629,-252.629,0.0,-578.696,150.661,-161.406,1.07,22.382,64.391,368.688,-23.681,-25.221,-15.635,-24.712,-14.55,0.558,-25.14,2.381,-13.173,19.444,0.0,82
-455.743,-455.743,0.0,-1147.001,312.838,-338.006,2.688,36.88,154.314,683.373,-36.42,-75.987,-18.523,-49.939,-26.038,7.479,-44.482,1.239,-15.475,97.261,0.0,91
-923.225,-923.225,0.0,-2249.795,636.932,-633.518,4.598,88.607,250.788,1361.013,-88.127,-73.04,-52.231,-111.197,-48.79,11.967,-81.001,1.861,-9.045,67.129,0.0,6
-759.035,-759.035,0.0,-1599.637,363.9,-469.906,3.27,55.026,166.248,959.637,-40.496,-56.023,-32.161,-112.441,-42.662,21.269,-52.923,1.153,-19.788,96.352,0.0,52
-426.03,-426.03,0.0,-1777.939,540.613,-462.928,3.937,54.12,330.886,1041.926,-50.091,-61.386,-25.371,-92.282,-39.978,19.202,-65.058,2.213,31.204,124.694,0.0,97
-412.829,-412.829,0.0,-1054.677,237.291,-268.588,1.877,37.807,133.289,610.333,-26.277,-24.898,-21.409,-72.774,-23.529,6.267,-30.383,1.639,43.335,37.823,0.0,41
-893.723,-893.723,0.0,-1912.616,402.586,-490.812,3.312,61.798,159.25,1149.837,-74.201,-69.203,-38.944,-109.601,-48.08,41.033,-53.782,0.855,-10.041,94.696,0.0,80
-753.44,-753.44,0.0,-1782.004,445.989,-519.558,3.532,62.311,220.351,1087.797,-65.793,-74.552,-51.591,-90.626,-41.874,6.822,-69.559,2.244,-7.566,120.356,0.0,31
-167.312,-167.312,0.0,-739.507,204.672,-205.559,1.777,28.894,92.743,489.246,-10.477,-11.26,-4.241,-78.217,-24.219,5.333,-11.869,0.502,23.771,71.086,0.0,81
-333.151,-333.151,0.0,-783.648,195.116,-217.031,1.539,30.029,90.634,446.851,-21.941,-51.286,-11.072,-36.784,-19.07,5.57,-29.719,0.27,12.85,54.382,0.0,38
-1008.583,-1008.583,0.0,-2307.346,529.594,-644.078,4.453,69.907,309.52,1340.819,-60.541,-95.795,-39.588,-139.437,-53.022,17.138,-84.327,1.423,-28.613,171.15,0.0,68
-579.262,-579.262,0.0,-1205.781,277.166,-319.59,2.212,40.054,125.404,701.874,-36.446,-48.897,-35.164,-75.225,-32.803,2.395,-53.692,1.073,0.576,77.33,1.0,98
-453.275,-453.275,0.0,-850.089,219.686,-262.117,1.718,31.207,85.36,470.371,-12.69,-63.08,-28.313,-37.667,-20.958,0.406,-31.784,0.996,3.562,39.895,0.0,133
-841.442,-841.442,0.0,-2705.501,805.767,-752.656,7.058,99.091,376.091,1643.877,-78.574,-141.357,-63.302,-113.297,-59.769,45.34,-75.806,3.831,43.223,124.183,0.0,82
-529.868,-529.868,0.0,-1277.212,313.911,-313.398,2.459,45.515,156.696,736.395,-37.404,-34.031,-28.516,-73.835,-37.641,7.174,-40.329,2.119,19.958,28.166,0.0,89
-387.706,-387.706,0.0,-1046.253,294.454,-284.443,2.212,43.691,130.169,613.578,-30.553,-51.252,-25.201,-51.574,-25.381,7.522,-35.068,0.944,25.004,44.445,0.0,108
-498.94,-498.94,0.0,-1210.756,270.07,-322.224,2.789,36.326,152.097,675.481,-38.916,-61.953,-24.686,-55.21,-31.143,19.374,-49.317,1.06,19.474,118.595,0.0,54
-730.178,-730.178,0.0,-1626.881,384.771,-406.196,3.019,58.086,193.459,902.584,-47.446,-48.727,-32.66,-97.797,-44.082,5.019,-52.677,1.392,0.283,77.46,0.0,15
-537.147,-537.147,0.0,-1237.519,310.048,-321.762,2.413,46.811,145.375,717.989,-46.151,-61.974,-20.297,-56.394,-31.054,7.95,-44.44,2.396,-0.462,49.838,0.0,52
-507.584,-507.584,0.0,-1156.944,270.303,-346.942,2.137,39.732,131.142,709.881,-41.87,-48.668,-20.84,-66.32,-29.233,18.85,-41.672,0.448,3.025,69.002,0.0,95
-1057.428,-1057.428,0.0,-2529.573,611.165,-712.236,4.839,94.132,254.893,1607.149,-79.432,-84.537,-69.868,-190.7,-68.366,15.101,-67.078,1.043,23.849,131.131,1.0,19
-1069.33,-1069.33,0.0,-2408.096,532.211,-699.825,4.387,78.354,255.787,1509.031,-73.339,-69.335,-57.005,-181.051,-63.758,14.481,-82.686,2.766,0.684,168.0,0.0,91
-526.393,-526.393,0.0,-1260.514,294.042,-359.059,2.389,47.464,133.627,788.296,-37.992,-34.407,-17.199,-94.078,-36.351,4.131,-35.616,0.59,-1.173,79.455,0.0,86
-415.019,-415.019,0.0,-1099.695,328.317,-328.481,2.581,44.324,117.613,691.759,-30.513,-71.814,-34.786,-44.751,-25.426,5.332,-39.115,2.184,8.376,58.983,0.0,58
-1051.481,-1051.481,0.0,-2471.827,598.198,-677.892,4.403,86.826,277.957,1462.76,-92.428,-106.154,-54.025,-129.856,-54.742,48.586,-91.991,3.22,-4.43,149.738,0.0,67
-362.638,-362.638,0.0,-1290.643,306.376,-339.843,3.012,42.494,159.158,824.171,-17.082,-8.585,-12.983,-137.185,-35.143,4.862,-35.222,1.274,15.985,156.682,0.0,35
-775.114,-775.114,4.902,-1736.216,425.413,-479.429,3.48,58.99,181.079,992.273,-48.322,-63.462,-46.454,-113.437,-43.263,23.875,-53.146,1.862,-8.31,125.031,0.0,31
-2142.226,-2142.226,0.0,-5043.894,1205.082,-1403.461,9.069,143.382,592.827,3022.18,-148.857,-153.932,-91.47,-321.43,-140.635,54.742,-189.837,7.67,27.349,288.724,0.0,90
-602.116,-602.116,0.0,-1261.941,249.327,-364.123,2.455,33.77,151.885,717.492,-33.886,-39.166,-22.215,-101.482,-30.691,6.427,-39.639,1.569,-2.838,130.832,0.0,15
-919.366,-919.366,0.0,-2037.162,477.23,-534.628,3.719,69.026,206.083,1234.54,-74.57,-58.04,-57.498,-138.779,-59.218,27.078,-69.533,1.9,-12.873,102.874,0.0,11
-721.68,-721.68,0.0,-1567.51,335.821,-431.888,2.711,45.913,159.167,895.593,-46.067,-57.26,-19.771,-103.287,-38.193,32.987,-51.152,2.849,-12.888,130.796,1.0,44
-638.021,-638.021,0.0,-1417.676,301.632,-379.492,2.536,44.966,166.108,824.427,-62.628,-42.814,-27.951,-84.026,-36.481,25.579,-46.131,1.071,6.607,86.135,0.0,100
-417.591,-417.591,0.0,-932.043,239.26,-243.208,1.688,31.79,99.447,535.682,-28.821,-34.013,-18.019,-52.371,-26.852,3.666,-33.656,0.956,-15.132,53.905,0.0,23
-942.412,-942.412,0.0,-2199.343,524.899,-651.505,3.97,79.763,222.891,1434.67,-54.614,-12.27,-58.97,-211.573,-61.124,15.357,-45.216,0.881,-18.973,88.275,0.0,46
-200.221,-200.221,0.0,-828.576,311.898,-205.979,1.917,35.125,109.924,498.296,-20.598,-12.063,-9.873,-68.735,-27.815,6.915,-21.382,0.546,-7.148,37.32,0.0,104
-679.673,-679.673,0.0,-1681.351,419.398,-451.848,3.053,54.805,204.989,974.028,-64.645,-59.009,-26.498,-90.68,-44.388,37.907,-58.213,2.813,29.278,70.524,0.0,79
-634.646,-634.646,0.0,-1597.102,358.348,-468.549,2.985,49.312,181.498,909.593,-44.124,-89.974,-25.956,-86.871,-35.108,62.457,-46.094,1.235,37.775,155.919,0.0,69
-522.826,-522.826,0.0,-1789.909,594.532,-492.862,4.34,64.969,241.007,1041.331,-45.274,-86.194,-36.767,-84.713,-36.856,45.181,-63.397,1.839,11.968,107.909,0.0,90
-233.671,-233.671,0.0,-660.906,184.518,-185.546,1.465,21.565,109.249,394.853,-16.229,-32.393,-12.485,-39.46,-17.905,6.173,-25.126,4.608,-8.648,42.593,0.0,106
-646.164,-646.164,0.0,-1439.96,359.036,-423.016,2.933,44.876,163.897,870.024,-56.543,-74.96,-34.489,-78.955,-31.953,7.885,-54.407,1.631,4.686,93.127,0.0,13
-230.506,-230.506,0.0,-735.948,238.7,-190.188,1.621,33.467,71.521,403.419,-14.746,-33.768,-8.75,-38.702,-25.932,20.183,-31.379,0.6,15.282,64.112,0.0,98
-589.45,-589.45,0.0,-1678.866,424.811,-444.021,3.431,56.361,252.013,976.335,-51.788,-64.566,-25.451,-106.72,-42.118,12.734,-48.676,2.148,33.287,111.474,0.0,84
-318.034,-318.034,0.0,-868.515,229.521,-247.311,1.778,32.497,98.397,532.092,-20.015,-28.464,-27.212,-63.961,-21.955,25.091,-28.739,1.187,19.013,48.546,0.0,17
-719.594,-719.594,0.0,-2011.183,503.985,-584.941,3.612,62.905,243.665,1294.217,-54.164,-72.383,-37.956,-136.28,-49.911,8.961,-52.144,1.469,33.772,126.693,0.0,37
-399.08,-399.08,0.0,-887.128,190.61,-263.492,1.782,24.295,99.076,503.232,-29.375,-57.049,-22.992,-38.383,-20.713,30.782,-42.158,1.018,18.818,92.412,0.0,94
-890.095,-890.095,0.0,-1988.198,455.894,-613.011,3.865,62.333,216.889,1279.168,-60.172,-43.045,-34.745,-156.222,-51.606,7.14,-43.79,1.585,-20.648,94.186,0.0,85
-481.182,-481.182,0.0,-1217.253,311.732,-317.062,2.473,41.657,147.981,709.231,-30.507,-41.595,-15.029,-77.763,-35.351,6.705,-44.268,0.783,1.025,75.949,0.0,72
-1237.385,-1237.385,0.0,-3220.574,845.842,-874.3,5.968,111.287,386.288,1959.059,-112.18,-141.999,-75.374,-155.037,-89.182,21.323,-103.942,2.026,38.156,164.791,1.0,59
-161.74,-161.74,0.0,-447.74,125.519,-135.181,1.0,19.981,45.33,335.469,-7.688,-20.367,-7.215,-38.673,-15.895,2.29,-18.911,0.523,-8.792,8.604,0.0,23
-840.705,-840.705,0.0,-2353.17,625.318,-637.677,5.119,82.661,291.232,1481.181,-85.269,-70.789,-60.245,-155.774,-55.799,11.757,-64.376,1.648,24.969,117.934,0.0,37
-238.189,-238.189,0.0,-691.347,215.705,-180.898,1.426,28.182,83.658,405.488,-16.699,-32.107,-19.326,-34.809,-18.863,6.543,-26.494,0.316,4.4,36.634,0.0,87
-709.051,-709.051,0.0,-1785.885,460.932,-514.617,3.18,56.397,181.384,1083.484,-47.181,-65.145,-29.242,-131.401,-46.663,5.719,-54.069,1.13,13.093,159.809,0.0,77
-165.21,-165.21,0.0,-450.03,142.001,-138.864,0.894,16.104,51.09,280.734,-16.056,-19.236,-4.398,-31.688,-11.507,2.562,-17.171,0.315,3.696,26.343,0.0,88
-265.868,-265.868,0.0,-688.937,181.56,-209.368,1.287,23.419,84.598,427.463,-10.783,-57.607,-8.115,-47.599,-15.333,4.118,-20.19,0.094,-2.864,72.388,0.0,77
-837.753,-837.753,0.0,-1910.246,420.975,-499.689,3.73,58.567,234.888,1033.955,-55.226,-71.548,-29.124,-107.384,-50.524,9.77,-72.392,1.715,26.549,168.192,0.0,95
-516.022,-516.022,0.0,-1313.397,332.768,-380.656,2.767,42.605,133.798,787.779,-34.147,-71.547,-19.884,-82.518,-33.721,8.218,-36.475,1.371,23.28,123.647,0.0,109
-410.336,-410.336,0.0,-926.212,219.004,-231.893,1.707,32.787,93.15,527.426,-25.71,-43.554,-22.053,-46.781,-21.382,21.229,-31.311,1.029,4.555,37.532,0.0,67
-2145.657,-2145.657,0.0,-5693.017,1496.329,-1609.998,10.779,204.734,742.49,3498.846,-170.238,-194.666,-114.181,-352.487,-132.475,40.583,-138.36,7.747,72.016,184.337,0.0,66
-621.309,-621.309,0.0,-1331.208,275.017,-370.657,2.638,36.267,142.394,806.024,-47.636,-47.902,-23.853,-100.126,-37.96,3.306,-48.144,0.233,-10.92,131.161,0.0,93
-213.91,-213.91,0.0,-652.317,189.902,-171.467,1.492,26.548,73.439,385.729,-8.756,-39.08,-21.306,-29.49,-17.72,18.678,-21.508,2.573,8.156,41.092,0.0,76
-468.487,-468.487,0.0,-1291.146,371.585,-371.597,2.882,47.735,152.531,728.258,-40.799,-70.625,-26.195,-62.849,-32.073,55.975,-40.769,3.095,15.153,90.185,0.0,88
-337.093,-337.093,0.0,-902.027,239.936,-248.895,1.819,38.709,105.971,530.137,-22.443,-26.113,-17.63,-62.735,-19.097,7.302,-23.841,1.72,-4.262,64.349,0.0,94
-1780.409,-1780.409,-1.006,-3942.326,892.49,-1093.354,6.475,134.333,390.258,2483.391,-102.307,-22.253,-103.307,-373.341,-123.062,15.433,-73.76,2.934,-19.318,147.903,0.0,11
-645.969,-645.969,0.0,-1346.948,289.932,-403.674,2.303,41.463,103.218,819.207,-46.765,-41.295,-26.087,-110.965,-38.137,18.169,-41.02,0.51,-0.796,134.866,0.0,49
-915.936,-915.936,0.0,-3257.916,1050.23,-824.065,6.478,123.441,429.434,2007.059,-84.325,-117.782,-78.868,-149.298,-99.553,19.624,-85.186,3.304,24.717,116.275,1.0,30
-751.801,-751.801,0.0,-1760.001,380.148,-413.521,2.88,54.599,137.972,1099.705,-77.918,-47.491,-27.18,-106.388,-46.598,39.796,-56.582,0.302,-34.643,103.047,0.0,14
-349.147,-349.147,0.0,-680.316,144.041,-212.05,1.233,22.53,77.17,401.414,-30.452,-35.389,-12.888,-38.902,-13.902,6.43,-26.181,0.522,-6.07,53.66,0.0,76
-827.332,-827.332,0.0,-1659.33,366.084,-479.195,2.866,52.276,168.911,937.96,-44.023,-112.709,-42.235,-69.392,-41.55,41.113,-66.603,3.012,7.812,107.412,0.0,82
-244.595,-244.595,0.0,-705.532,194.98,-191.828,1.482,24.676,93.182,376.904,-8.531,-52.516,-7.432,-39.166,-13.913,5.985,-15.765,0.74,34.311,57.747,0.0,89
-392.645,-392.645,0.0,-937.513,213.748,-282.305,1.764,33.458,107.426,596.174,-38.864,-39.927,-15.825,-55.945,-19.649,3.877,-29.541,1.17,10.149,59.152,0.0,105
-804.717,-804.717,0.0,-2136.624,524.994,-566.236,4.267,71.023,261.447,1289.326,-67.497,-65.281,-30.38,-142.853,-66.149,13.464,-48.379,2.787,17.663,133.484,0.0,9
-952.762,-952.762,-0.745,-1851.508,374.421,-512.524,3.028,55.873,187.161,1105.48,-68.04,-63.78,-45.407,-122.751,-50.699,34.081,-64.503,1.198,-26.863,92.446,0.0,52
-241.953,-241.953,0.0,-2363.048,711.374,-648.493,4.965,79.88,787.426,1459.392,-90.01,-80.801,-39.302,-110.766,-45.748,13.201,-73.245,1.195,20.826,131.082,0.0,48
-859.765,-859.765,0.0,-1734.752,342.24,-513.078,3.074,53.569,210.064,1015.267,-42.544,-78.253,-39.783,-109.972,-42.859,7.079,-64.81,1.878,8.871,124.238,0.0,88
-1049.872,-1049.872,0.0,-2371.139,445.158,-656.449,3.919,67.401,295.071,1392.746,-66.798,-50.131,-44.257,-182.14,-60.617,10.3,-57.989,1.961,29.851,192.824,0.0,77
-654.358,-654.358,0.0,-1333.352,296.352,-421.897,2.212,43.699,108.903,796.443,-51.577,-73.162,-33.259,-79.079,-35.666,28.562,-46.659,0.723,16.942,126.341,0.0,81
-385.656,-385.656,0.0,-924.168,233.633,-242.481,1.705,34.037,94.199,547.917,-30.106,-47.31,-18.135,-36.805,-28.019,25.75,-31.674,0.564,-12.228,47.333,0.0,76
-302.536,-302.536,0.0,-740.208,187.57,-197.127,1.556,27.504,95.004,414.851,-10.117,-55.914,-14.862,-30.24,-17.78,4.941,-23.959,0.401,-5.907,61.31,0.0,70
-495.884,-495.884,0.0,-1196.214,324.126,-376.07,2.439,46.303,146.807,811.068,-34.448,-35.075,-37.496,-93.814,-31.42,7.095,-42.871,1.157,-29.974,42.391,0.0,115
-532.885,-532.885,0.0,-1224.989,261.735,-329.167,2.227,42.041,107.693,739.684,-23.558,-4.505,-20.741,-137.081,-38.566,27.221,-34.719,0.595,-10.409,109.648,0.0,19
-1204.238,-1204.238,0.0,-2537.998,519.498,-728.864,4.21,74.77,283.424,1500.749,-76.551,-85.363,-61.843,-171.421,-55.892,10.751,-88.02,1.818,26.318,179.747,0.0,77
-433.641,-433.641,0.0,-969.467,225.166,-263.687,1.84,28.958,117.072,545.378,-23.02,-35.212,-10.624,-70.397,-23.533,2.242,-40.541,2.885,-8.704,87.957,0.0,82
-703.42,-703.42,0.0,-1807.08,445.115,-516.996,3.685,62.466,216.153,1116.49,-41.74,-57.801,-31.014,-128.955,-55.892,34.89,-44.779,2.919,14.209,84.479,0.0,40
-936.276,-936.276,0.0,-2637.532,682.997,-733.467,5.235,88.663,371.517,1613.561,-65.628,-64.92,-60.768,-179.34,-64.157,46.006,-62.755,5.117,10.752,108.282,1.0,51
-683.128,-683.128,0.0,-1588.738,328.553,-459.759,2.766,50.322,185.776,960.559,-38.814,-56.153,-30.165,-107.861,-29.601,37.49,-59.781,1.45,0.329,120.459,0.0,73
-63.363,-63.363,0.0,-825.303,335.239,-204.819,2.1,32.854,114.919,625.173,-7.5,-4.308,-13.029,-88.299,-21.345,8.751,-14.138,0.542,-5.098,0.748,0.0,73
-497.178,-497.178,0.0,-1368.095,407.916,-421.575,2.66,49.265,186.309,828.278,-38.944,-132.82,-48.357,-19.15,-18.762,8.644,-40.035,0.694,60.237,46.385,0.0,88
-187.362,-187.362,0.0,-536.267,146.474,-157.129,1.148,19.528,58.175,331.324,-8.979,-30.11,-11.098,-32.36,-12.649,14.857,-19.494,0.792,6.504,41.903,0.0,121
-1078.776,-1078.776,0.0,-2843.981,828.871,-799.007,5.705,104.101,382.539,1682.191,-85.792,-210.276,-87.856,-51.884,-52.371,33.156,-93.815,3.512,31.874,73.242,0.0,24
-906.895,-906.895,0.0,-2296.14,562.248,-600.493,4.302,78.787,303.746,1311.404,-68.682,-67.74,-52.21,-136.697,-59.893,20.194,-70.557,3.337,16.46,144.913,0.0,9
-935.086,-935.086,0.0,-2802.219,788.509,-831.206,5.342,102.342,365.39,1843.556,-79.395,-75.287,-73.948,-194.014,-69.027,14.12,-67.894,1.939,17.774,118.829,0.0,40
-882.723,-882.723,0.0,-1880.276,353.478,-506.19,2.921,54.002,191.339,1094.531,-56.335,-53.546,-41.488,-144.539,-50.945,43.931,-57.079,1.423,25.223,140.546,0.0,56
-1118.132,-1118.132,0.0,-2527.533,513.971,-723.977,4.858,75.423,287.229,1412.341,-48.34,-124.426,-54.865,-129.03,-55.233,111.14,-84.514,2.586,12.099,210.121,0.0,64
-974.666,-974.666,0.0,-2084.051,444.268,-606.837,3.671,70.047,243.126,1272.647,-82.558,-63.664,-62.039,-121.62,-46.07,13.832,-66.124,2.448,3.257,104.321,0.0,10
-421.67,-421.67,0.0,-919.256,197.893,-258.45,1.64,27.626,108.22,528.297,-22.108,-37.061,-17.307,-57.327,-18.797,3.028,-23.24,0.964,-4.418,68.617,0.0,79
-513.092,-513.092,0.0,-1251.346,334.618,-309.572,2.424,45.913,117.94,738.596,-50.502,-31.638,-16.948,-76.664,-36.001,7.545,-53.155,2.539,-12.607,75.538,0.0,14
-493.662,-493.662,0.0,-1083.652,237.992,-351.093,2.122,32.548,100.469,676.808,-35.179,-38.514,-27.404,-81.344,-24.938,38.032,-31.614,1.132,9.61,81.254,0.0,109
-599.946,-599.946,0.0,-1310.82,285.479,-347.377,2.418,48.185,145.319,777.203,-32.868,-50.63,-23.572,-82.955,-37.462,3.024,-49.159,1.406,10.728,61.093,0.0,51
-1072.394,-1072.395,0.0,-2662.573,678.394,-763.299,5.068,90.119,357.832,1577.398,-94.89,-66.893,-70.545,-169.18,-45.948,9.726,-74.336,2.624,24.97,128.794,0.0,18
-1116.373,-1116.373,0.0,-2402.761,578.379,-758.138,4.133,82.06,254.663,1480.3,-73.416,-174.961,-84.609,-86.487,-35.944,24.829,-62.596,1.065,22.479,114.599,0.0,37
-382.306,-382.306,-1.121,-916.106,227.328,-252.5,1.814,32.335,94.15,534.004,-20.933,-40.074,-15.594,-61.461,-18.796,6.518,-30.906,0.333,4.171,74.475,0.0,57
-1071.81,-1071.81,0.0,-2185.803,485.711,-639.727,3.796,69.971,220.86,1268.093,-70.159,-114.592,-66.881,-106.27,-46.082,46.93,-82.088,2.551,-7.47,149.302,0.0,101
-1154.925,-1154.925,0.0,-2510.212,538.643,-679.794,4.152,76.828,301.817,1425.426,-77.301,-80.567,-57.689,-158.657,-58.582,17.652,-84.202,2.537,3.88,180.63,0.0,85
-1233.812,-1233.812,0.0,-2749.723,630.85,-777.348,4.691,98.028,282.483,1686.977,-96.881,-89.191,-77.899,-169.31,-64.361,58.129,-91.696,1.422,-2.007,121.108,1.0,75
-127.834,-127.834,0.0,-486.578,177.586,-133.186,1.397,20.665,63.337,288.239,-9.059,-48.681,-12.351,-9.552,-6.381,1.136,-27.131,0.265,-0.331,52.795,0.0,72
-553.954,-553.954,0.0,-1435.727,359.6,-384.959,2.951,48.969,166.712,816.835,-28.233,-43.418,-20.055,-111.943,-38.288,12.164,-42.23,2.418,43.426,97.567,0.0,86
-216.363,-216.363,0.0,-532.026,132.785,-171.642,1.247,22.082,49.58,364.366,-14.76,-0.793,-18.764,-52.949,-11.652,6.956,-12.527,0.243,8.879,12.612,0.0,101
-230.702,-230.702,0.0,-568.195,167.661,-164.337,1.173,23.335,69.203,345.916,-10.097,-28.16,-18.283,-31.561,-14.169,1.663,-15.744,0.86,-7.215,17.1,0.0,94
-510.93,-510.93,0.0,-981.908,237.257,-293.045,1.868,36.811,100.192,590.075,-34.85,-41.52,-25.752,-60.335,-27.988,6.859,-34.265,0.527,-10.125,25.264,0.0,67
-685.065,-685.065,0.0,-1682.975,445.115,-468.107,3.505,58.186,174.104,1098.699,-33.302,-4.439,-44.533,-182.42,-49.635,35.116,-37.59,1.077,-40.344,42.313,0.0,56
-378.898,-378.898,0.0,-1017.504,275.257,-264.331,2.088,39.991,122.521,604.84,-33.306,-62.882,-11.828,-37.825,-29.219,19.059,-48.243,0.683,-4.195,65.991,0.0,91
-304.938,-304.938,0.0,-826.094,238.823,-208.224,1.775,36.188,94.861,433.716,-26.359,-62.466,-17.699,-8.093,-18.572,23.47,-33.932,0.362,21.434,45.549,0.0,96
-550.571,-550.571,0.0,-1303.777,334.403,-381.413,2.393,42.464,133.52,791.243,-45.693,-48.848,-26.574,-82.221,-33.456,32.551,-42.162,0.937,-6.659,82.53,0.0,70
-964.287,-964.287,0.0,-2082.987,511.082,-612.172,3.63,72.394,250.115,1288.877,-69.196,-76.721,-68.815,-108.717,-53.677,9.977,-58.629,1.513,-5.423,34.28,0.0,39
-797.162,-797.162,0.0,-1776.66,379.005,-487.409,2.93,56.698,185.161,1005.835,-74.652,-54.53,-32.736,-109.844,-39.826,58.103,-61.124,1.733,9.731,140.375,0.0,81
-551.249,-551.249,0.0,-2313.068,659.461,-613.735,3.962,69.055,377.431,1290.707,-62.196,-99.664,-47.194,-119.86,-46.461,159.481,-77.509,18.983,63.633,185.725,0.0,79
-1020.365,-1020.365,0.0,-2284.821,512.039,-593.122,4.179,77.614,264.537,1330.211,-68.152,-37.297,-44.12,-184.546,-60.695,6.097,-56.745,3.206,-15.332,126.539,0.0,19
-691.817,-691.817,0.0,-1402.621,293.386,-389.599,2.31,43.335,140.915,785.488,-65.854,-69.28,-31.949,-66.131,-36.397,23.946,-48.17,2.068,16.765,109.735,0.0,11
-975.1,-975.1,0.0,-2214.757,496.036,-608.554,3.687,66.24,266.233,1267.081,-87.378,-79.522,-34.203,-129.866,-53.206,39.861,-70.297,1.608,5.373,156.293,0.0,100
-650.184,-650.184,0.0,-1648.022,413.25,-454.23,3.321,61.218,195.984,1010.571,-38.602,-41.065,-26.354,-128.66,-43.447,5.01,-44.488,1.07,-7.609,91.768,0.0,26
-693.212,-693.212,0.0,-1581.975,363.782,-408.809,2.866,53.586,181.681,930.958,-46.528,-43.096,-31.289,-109.271,-42.745,10.693,-55.308,1.384,15.97,64.781,0.0,13
-101.015,-101.015,0.0,-369.698,121.817,-121.052,0.978,19.893,31.04,293.454,-6.459,-10.336,-3.876,-39.58,-14.108,1.646,-13.037,0.242,-6.165,13.967,0.0,84
-645.985,-645.985,0.0,-1563.052,404.947,-418.302,3.175,61.203,182.433,913.189,-47.06,-61.197,-32.807,-83.775,-44.609,8.543,-50.163,1.154,7.402,72.775,0.0,6
-569.156,-569.156,0.0,-1135.816,212.552,-337.581,2.007,32.075,121.382,626.575,-37.299,-48.655,-24.612,-70.161,-20.289,22.607,-44.233,0.942,13.942,117.229,0.0,56
-503.39,-503.39,0.0,-1227.061,283.682,-335.684,2.536,41.573,109.714,751.626,-47.159,-7.635,-22.485,-107.737,-34.908,28.172,-31.19,1.526,3.163,88.405,0.0,57
-460.032,-460.032,0.0,-974.636,239.086,-284.8,1.753,33.808,98.889,575.767,-33.108,-77.471,-26.144,-33.966,-18.776,28.822,-38.126,0.702,-5.415,53.327,0.0,52
22.714,22.714,0.0,-721.082,276.492,-134.631,2.126,33.867,143.772,434.813,-18.276,-33.073,-7.38,-19.117,-21.631,23.237,-17.692,0.372,40.806,40.034,0.0,117
-404.651,-404.651,0.0,-854.567,174.643,-239.922,1.514,26.031,81.151,489.567,-21.035,-25.156,-13.121,-71.843,-21.371,19.325,-23.001,0.78,-4.698,77.05,0.0,105
-79.549,-79.549,0.0,-303.173,102.325,-83.249,0.892,15.921,28.779,186.136,-5.004,-27.813,-3.914,-4.415,-10.298,14.119,-24.1,0.076,-0.199,34.369,0.0,92
-487.701,-487.701,0.0,-1007.094,234.363,-308.87,1.91,33.854,106.275,617.327,-45.778,-50.961,-23.147,-52.905,-24.449,4.322,-40.58,0.642,-7.183,74.343,0.0,103
-659.628,-659.628,0.0,-1452.327,327.055,-371.349,2.736,42.492,166.997,792.114,-45.106,-56.411,-14.993,-80.724,-34.977,8.066,-57.121,1.099,-13.348,125.415,0.0,7
-133.38,-133.38,0.0,-522.776,198.293,-126.769,1.254,23.367,65.529,305.483,-12.403,-15.621,-3.062,-37.539,-15.674,7.71,-14.241,0.911,5.997,6.14,0.0,76
-627.235,-627.235,0.0,-1376.086,298.69,-346.616,2.448,46.283,145.86,763.123,-37.871,-64.671,-20.574,-74.727,-37.336,10.546,-49.878,2.504,15.028,95.907,1.0,8
-397.093,-397.093,0.0,-1361.998,441.702,-387.043,3.358,51.289,185.942,863.706,-35.205,-57.894,-23.263,-83.982,-26.239,7.669,-44.915,0.452,0.79,68.263,0.0,69
-1088.483,-1088.483,0.0,-2465.145,552.791,-653.746,4.2,84.269,290.189,1469.401,-97.08,-73.672,-49.43,-146.223,-61.814,15.981,-73.224,3.374,1.937,109.588,0.0,28
-572.775,-572.775,0.0,-1540.585,415.708,-427.678,3.361,48.101,198.114,887.884,-46.754,-62.861,-25.04,-95.777,-36.02,10.203,-47.563,3.01,19.117,123.998,0.0,11
-1075.585,-1075.585,0.0,-2630.062,649.66,-708.578,4.928,93.426,297.763,1577.474,-75.636,-75.17,-61.605,-179.554,-61.515,6.439,-75.038,4.236,16.697,140.3,0.0,15
-516.317,-516.317,0.0,-1032.156,221.154,-284.342,2.155,30.863,125.909,574.828,-33.016,-46.992,-15.167,-52.586,-30.375,5.299,-38.923,1.661,-13.265,68.374,0.0,89
-510.622,-510.622,0.0,-1637.706,448.961,-408.116,3.872,53.02,219.913,963.766,-37.8,-54.713,-33.629,-98.374,-39.247,27.632,-52.834,2.426,24.915,107.153,0.0,86
-206.767,-206.767,0.0,-565.8,148.178,-137.253,1.235,25.171,57.604,370.482,-15.906,-8.351,-5.216,-54.694,-20.22,0.872,-16.831,0.201,-5.689,19.445,0.0,81
-926.639,-926.639,0.0,-2712.073,748.213,-757.989,5.115,97.245,322.63,1593.031,-76.796,-118.221,-57.907,-149.624,-56.703,74.381,-78.196,4.003,61.406,174.669,0.0,77
-242.642,-242.642,0.0,-841.543,272.226,-240.954,3.109,30.097,99.262,507.016,-18.748,-62.468,-18.356,-42.044,-20.522,41.627,-31.851,2.645,9.145,68.61,0.0,15
-385.608,-385.608,0.0,-932.303,264.226,-269.437,1.5,32.586,92.761,569.027,-33.65,-51.944,-25.139,-39.104,-21.519,19.222,-34.679,0.29,-0.456,42.974,1.0,19
-1034.01,-1034.01,0.0,-4203.759,1287.903,-1220.704,7.992,151.54,494.815,2863.114,-90.884,-81.152,-112.376,-349.691,-98.888,167.643,-91.659,4.585,108.66,128.078,0.0,58
-410.043,-410.043,0.0,-965.458,210.684,-255.9,2.045,35.498,114.907,529.403,-32.053,-39.968,-10.692,-53.497,-29.221,35.882,-29.296,3.994,7.938,65.69,0.0,49
-505.6,-505.6,0.0,-1083.831,246.035,-301.667,1.76,38.51,114.873,622.071,-31.054,-43.796,-16.174,-63.156,-28.676,21.443,-35.902,1.045,-8.411,61.298,0.0,93
-856.651,-856.651,0.0,-1900.498,436.599,-518.153,3.72,60.987,225.163,1128.824,-49.935,-83.721,-43.698,-103.607,-49.099,6.931,-67.347,1.423,-0.745,96.389,0.0,62
-670.588,-670.588,0.0,-1424.045,354.963,-448.956,2.672,48.075,169.17,886.562,-29.494,-77.442,-45.619,-73.855,-32.588,3.544,-44.593,0.935,-6.916,46.971,0.0,50
-228.323,-228.323,0.0,-596.924,150.629,-152.053,1.094,21.044,72.999,343.366,-18.391,-33.049,-6.216,-28.878,-19.285,2.158,-23.229,0.719,13.29,44.389,0.0,83
-1077.752,-1077.752,0.0,-2234.259,439.46,-592.476,3.741,66.764,229.041,1250.711,-65.173,-95.283,-41.536,-120.081,-59.217,54.166,-63.247,2.395,22.667,123.896,0.0,26
-1192.748,-1192.748,0.0,-2325.876,491.405,-699.027,3.567,70.933,248.264,1398.185,-112.61,-174.858,-84.121,-53.968,-47.241,58.017,-101.894,2.215,9.082,125.123,0.0,32
-365.044,-365.044,0.0,-783.797,172.259,-223.717,1.424,26.114,85.509,491.863,-26.003,-32.294,-15.016,-53.98,-19.295,3.651,-32.46,0.887,-14.88,54.611,0.0,65
-400.351,-400.351,0.0,-1702.354,634.926,-450.856,3.599,66.998,213.887,1011.355,-34.012,-75.952,-30.198,-95.051,-47.126,61.656,-46.491,2.663,20.682,65.886,0.0,5
-584.342,-584.342,0.0,-1284.712,298.69,-348.059,2.346,48.446,155.289,749.143,-45.665,-78.646,-41.184,-37.897,-23.972,7.312,-51.461,1.951,14.124,49.825,0.0,44
-579.955,-579.955,0.0,-1216.844,289.732,-344.111,2.058,44.387,124.451,686.738,-52.972,-64.009,-35.303,-46.142,-25.243,25.91,-40.613,1.759,19.919,50.136,0.0,20
-1854.204,-1854.203,0.0,-5153.348,1302.309,-1376.891,9.306,177.918,664.555,3206.189,-167.725,-124.023,-128.554,-305.238,-129.121,37.401,-120.547,3.214,48.398,201.11,0.0,16
-482.433,-482.433,0.0,-1081.46,257.303,-316.622,2.052,41.885,116.961,693.983,-40.943,-28.937,-25.931,-71.011,-27.98,3.525,-29.777,1.061,-18.236,41.619,0.0,104
-1439.193,-1439.193,0.0,-3568.181,976.302,-939.097,7.205,130.001,441.02,2028.36,-122.337,-133.229,-89.626,-167.941,-83.509,24.488,-121.352,2.971,-0.402,175.599,0.0,50
-952.184,-952.184,0.0,-2904.305,762.794,-791.848,5.709,91.497,365.302,1697.187,-83.438,-105.268,-62.931,-162.27,-70.662,130.365,-73.463,19.808,30.639,198.593,0.0,10
-1064.849,-1064.849,0.0,-2303.624,513.918,-649.135,3.922,78.342,224.674,1371.267,-70.588,-69.63,-54.453,-149.136,-54.494,48.817,-62.291,1.513,-1.066,106.817,0.0,30
-1171.694,-1171.694,0.0,-3279.57,826.601,-842.171,5.809,107.019,388.893,1891.827,-106.175,-90.711,-68.645,-197.713,-84.422,104.748,-102.421,3.3,50.47,221.321,0.0,4
-470.422,-470.422,0.0,-928.912,204.387,-257.916,1.642,29.161,100.581,531.895,-37.588,-51.786,-17.51,-40.034,-23.321,4.783,-39.671,0.419,-2.448,55.843,1.0,64
-336.866,-336.866,0.0,-855.363,242.107,-240.678,1.653,31.767,87.701,508.752,-28.453,-43.769,-32.104,-31.326,-18.126,16.832,-18.637,0.416,-6.224,48.513,0.0,53
-290.032,-290.032,0.0,-606.752,140.568,-188.376,1.323,22.469,67.043,344.782,-18.217,-36.179,-20.833,-34.046,-11.154,15.867,-18.255,0.507,-7.536,58.757,0.0,111
-1.079,-1.079,0.0,-787.219,288.725,-163.989,2.058,27.02,157.212,471.979,-9.619,-24.063,-4.823,-51.049,-21.668,31.362,-16.65,2.633,39.045,57.928,0.0,44
-317.708,-317.708,0.0,-1658.316,605.578,-447.331,3.533,67.374,211.292,1011.414,-27.985,-75.231,-34.138,-103.327,-41.383,77.964,-44.343,3.202,53.488,80.458,0.0,80
-881.662,-881.662,0.0,-1902.585,436.69,-525.999,3.3,62.583,204.56,1121.672,-69.774,-70.864,-40.302,-94.845,-41.625,14.217,-72.567,2.098,-10.021,101.429,0.0,86
-701.718,-701.718,0.0,-1901.499,510.564,-515.569,3.89,65.142,243.897,1089.239,-51.948,-85.776,-39.573,-102.897,-44.182,14.945,-64.75,3.024,43.486,130.155,0.0,43
-1340.834,-1340.834,0.0,-2580.432,503.017,-725.091,4.404,75.85,270.321,1436.674,-64.144,-135.436,-61.931,-132.254,-63.144,13.524,-88.101,2.604,9.371,193.601,0.0,61
-659.583,-659.583,-5.404,-1430.359,307.054,-396.398,2.46,52.054,162.003,900.285,-45.342,-51.363,-26.625,-87.53,-36.187,4.726,-50.987,1.772,-24.752,64.558,0.0,32
-1405.69,-1405.69,0.0,-3233.032,705.55,-934.967,5.567,101.426,340.539,1929.236,-109.229,-104.756,-59.848,-201.686,-83.299,82.988,-90.765,3.11,10.786,232.432,0.0,22
-791.175,-791.175,0.0,-1551.802,311.662,-522.025,2.535,48.913,172.484,922.385,-65.38,-114.014,-30.866,-54.97,-16.951,29.331,-57.682,0.996,-2.424,136.497,0.0,22
-1171.325,-1171.325,0.0,-3001.372,831.197,-912.648,5.332,103.487,326.009,1848.885,-107.864,-120.723,-106.551,-163.375,-56.54,76.536,-93.13,2.931,37.693,158.261,0.0,48
-1080.786,-1080.786,0.0,-2675.386,645.872,-818.794,4.046,96.485,286.26,1801.945,-91.907,-32.173,-78.912,-217.234,-69.924,47.274,-64.73,2.158,14.055,69.976,0.0,25
-1129.798,-1129.798,0.0,-2721.903,615.297,-767.102,4.867,89.888,347.943,1646.952,-76.204,-51.484,-76.811,-198.538,-60.046,12.088,-72.124,2.544,17.769,156.812,0.0,18
-310.501,-310.501,0.0,-858.983,245.312,-245.358,1.794,34.343,92.546,523.576,-16.699,-39.706,-29.664,-49.07,-24.296,4.12,-16.674,0.664,19.493,48.003,0.0,73
-272.387,-272.387,-0.983,-568.741,151.615,-175.354,1.11,17.465,55.544,322.191,-15.414,-27.97,-11.441,-31.675,-12.405,5.804,-23.444,0.585,0.028,40.697,0.0,89
-1008.453,-1008.453,0.0,-1887.761,386.817,-545.568,3.214,60.831,201.286,1059.561,-59.82,-143.642,-33.36,-68.15,-54.772,55.294,-94.515,1.206,0.116,110.677,0.0,76
-849.278,-849.278,-0.915,-1813.316,378.408,-540.424,2.933,55.166,182.476,1119.444,-51.757,-63.059,-44.009,-126.132,-40.724,35.97,-49.665,1.642,25.931,78.739,0.0,90
-633.488,-633.488,0.0,-1461.928,318.648,-405.456,2.492,42.474,149.343,876.008,-46.608,-53.367,-22.684,-99.44,-42.471,32.588,-41.85,1.335,9.39,107.946,0.0,7
-1856.825,-1856.825,0.0,-4549.792,1107.914,-1250.743,7.65,151.868,504.337,2790.143,-164.076,-127.025,-80.54,-296.31,-119.911,110.082,-142.469,4.746,-35.321,231.606,0.0,31
-259.713,-259.713,0.0,-628.761,167.008,-166.488,1.25,25.671,67.544,365.707,-8.601,-19.227,-9.737,-49.119,-19.256,13.96,-24.27,0.465,-2.081,26.123,0.0,91
-310.163,-310.163,0.0,-768.028,201.618,-221.691,1.63,24.028,94.769,425.541,-26.393,-28.269,-22.086,-38.137,-12.882,14.642,-29.083,2.734,17.462,53.942,0.0,105
-826.128,-826.128,0.0,-2589.933,654.101,-652.232,5.515,81.916,343.336,1509.888,-76.879,-80.557,-46.474,-142.465,-67.023,127.0,-82.303,4.253,39.047,146.574,0.0,4
-1483.713,-1483.713,0.0,-4060.254,1099.95,-1102.105,7.666,146.168,549.403,2430.292,-172.057,-141.417,-107.928,-167.086,-91.758,23.307,-136.99,7.251,36.33,195.24,0.0,20
-750.22,-750.22,0.0,-1712.163,409.027,-468.052,3.069,53.388,174.631,987.619,-37.897,-59.355,-35.037,-116.322,-45.104,34.335,-55.251,2.161,28.462,85.638,0.0,76
-683.648,-683.648,-1.112,-1837.365,510.829,-552.902,3.645,68.553,206.436,1079.147,-69.135,-92.257,-39.795,-106.317,-34.802,53.484,-64.485,0.78,23.888,167.739,0.0,32
-1816.269,-1816.269,0.0,-4596.541,1210.787,-1288.186,8.006,150.434,500.451,2774.901,-162.003,-105.801,-127.566,-305.059,-94.741,111.667,-116.563,2.376,15.209,205.084,1.0,63
-1193.257,-1193.257,0.0,-3049.779,748.153,-830.829,5.756,106.653,379.157,1832.517,-88.217,-83.759,-80.014,-176.801,-70.484,63.714,-86.912,1.643,3.466,131.471,0.0,70
-404.561,-404.561,0.0,-1004.169,256.23,-281.943,1.85,38.439,85.429,701.962,-14.645,-6.416,-29.002,-125.542,-29.223,15.294,-15.732,0.056,-12.563,15.333,0.0,96
-945.27,-945.27,0.0,-2135.793,553.207,-610.561,3.676,77.838,220.044,1301.248,-92.238,-95.069,-55.78,-94.973,-56.128,53.117,-90.441,2.739,-16.73,90.375,0.0,34
-466.831,-466.831,0.0,-1135.326,267.461,-288.083,1.949,38.134,122.516,679.318,-38.859,-10.027,-8.011,-107.253,-33.801,22.062,-35.864,1.697,11.985,45.191,0.0,16
-455.418,-455.418,0.0,-1099.902,245.527,-324.718,2.001,36.287,112.394,704.355,-22.628,-27.353,-21.965,-99.171,-32.977,3.317,-33.851,0.754,6.958,95.518,0.0,70
-734.719,-734.719,0.0,-1575.354,320.735,-435.765,2.668,45.151,201.654,922.336,-56.764,-45.125,-27.841,-110.965,-40.586,2.417,-47.147,0.474,-19.113,128.064,0.0,106
-904.758,-904.758,0.0,-3955.607,1243.684,-1029.78,8.945,131.598,786.847,2343.275,-114.777,-124.968,-48.624,-233.687,-101.92,30.191,-119.844,4.751,30.273,244.822,0.0,6
-658.497,-658.497,0.0,-1807.13,513.976,-496.527,3.704,59.304,229.145,1101.489,-54.633,-72.449,-35.908,-104.91,-43.563,12.546,-58.064,1.64,9.636,83.061,0.0,66
-168.249,-168.249,0.0,-663.571,245.953,-177.976,1.558,28.747,89.146,382.076,-10.191,-53.622,-8.888,-16.017,-15.837,4.352,-21.767,0.941,10.003,36.743,0.0,109
-280.251,-280.251,0.0,-723.08,215.845,-199.027,1.952,31.435,89.827,419.562,-18.593,-50.175,-15.598,-25.929,-16.671,2.446,-25.592,0.52,19.507,13.29,0.0,108
-891.716,-891.716,0.0,-1985.206,486.007,-605.255,3.56,70.347,205.772,1225.438,-69.863,-100.092,-60.455,-110.89,-38.184,57.71,-56.53,1.296,-16.749,101.23,0.0,37
-401.398,-401.398,0.0,-1402.055,397.956,-391.829,2.827,48.947,175.765,883.762,-39.468,-42.078,-20.06,-88.052,-36.663,37.438,-37.653,1.751,1.208,106.515,0.0,17
-531.682,-531.682,0.0,-1250.241,271.265,-343.687,2.391,44.165,138.76,742.712,-35.725,-36.364,-25.803,-89.678,-28.066,4.038,-42.133,0.616,6.397,109.666,0.0,15
-230.234,-230.234,0.0,-570.722,170.477,-140.152,1.21,24.247,63.793,317.823,-16.311,-42.129,-9.112,-10.338,-15.831,3.477,-25.493,1.089,-7.524,25.244,0.0,97
38.286,38.286,0.0,-1188.173,518.917,-272.929,2.572,53.377,184.901,769.506,-14.643,-3.826,-9.403,-105.144,-28.592,52.278,-17.896,1.196,28.557,67.375,0.0,52
-304.434,-304.434,0.0,-971.22,276.483,-261.264,2.403,39.557,123.409,595.305,-23.9,-29.174,-17.572,-70.492,-27.318,9.308,-34.067,1.826,22.437,59.833,0.0,99
-364.884,-364.884,0.0,-764.24,181.489,-199.969,1.473,24.49,82.721,442.804,-22.692,-37.688,-13.29,-38.992,-19.022,1.584,-29.418,0.312,-14.922,40.455,0.0,95
-835.298,-835.298,0.0,-2607.545,803.035,-764.677,4.858,89.262,312.827,1596.176,-66.998,-147.11,-76.794,-137.544,-54.333,92.347,-70.51,3.868,58.712,129.028,0.0,50
-1015.074,-1015.074,0.0,-2270.478,473.32,-617.105,3.844,69.772,241.784,1312.995,-79.044,-56.111,-52.597,-155.781,-51.711,44.28,-60.761,2.494,17.17,162.533,0.0,71
-714.61,-714.61,0.0,-1686.545,377.91,-471.511,2.878,61.497,174.602,1038.102,-46.296,-34.304,-36.651,-115.141,-52.389,29.274,-47.0,2.137,8.405,80.185,0.0,49
-440.181,-440.181,0.0,-1454.228,434.319,-395.889,3.046,57.158,184.573,902.172,-43.16,-57.439,-19.793,-79.551,-26.495,5.684,-46.98,0.363,5.582,90.152,0.0,95
-674.51,-674.51,0.0,-1537.745,376.783,-436.052,2.92,55.702,153.806,899.002,-60.352,-35.814,-36.148,-101.597,-36.133,27.659,-53.794,2.277,5.395,99.476,0.0,24
-699.872,-699.872,0.0,-1766.341,414.728,-497.503,2.967,55.011,261.353,1011.663,-37.183,-74.081,-19.485,-109.837,-38.613,48.607,-66.911,1.655,-7.555,121.398,0.0,84
-655.758,-655.758,0.0,-1781.21,416.724,-484.107,3.436,55.506,225.178,1059.752,-51.229,-52.557,-38.596,-102.036,-39.214,36.355,-46.426,1.583,28.855,111.914,1.0,79
-527.816,-527.816,0.0,-1358.152,366.393,-366.74,2.766,45.634,193.342,774.095,-29.444,-53.395,-24.06,-80.126,-35.596,11.293,-44.56,1.015,-4.902,74.513,0.0,76
-814.229,-814.229,0.0,-2037.818,565.342,-563.559,4.149,72.416,266.286,1150.027,-49.772,-150.797,-35.09,-84.391,-34.216,8.056,-68.269,2.998,27.726,112.637,0.0,16
-587.737,-587.737,0.0,-1467.594,377.887,-388.873,2.624,52.322,161.755,874.904,-47.131,-42.125,-27.014,-85.74,-36.791,38.299,-61.387,2.113,7.205,51.551,0.0,19
-1309.199,-1309.199,-1.091,-3304.916,780.577,-948.935,5.82,112.938,336.028,2047.04,-95.925,-62.581,-85.473,-277.291,-87.412,58.505,-75.665,1.621,61.727,225.725,0.0,2
-742.613,-742.613,0.0,-1758.063,376.571,-517.274,2.987,51.002,190.707,1051.798,-44.586,-58.344,-40.506,-130.051,-40.651,57.228,-45.881,2.458,21.862,137.981,0.0,32
-539.735,-539.735,0.0,-1460.124,340.327,-318.348,2.615,50.164,137.773,872.018,-47.735,-38.238,-25.861,-99.962,-36.539,32.123,-40.644,0.986,4.772,86.874,1.0,60
-872.53,-872.53,0.0,-2022.041,539.242,-590.513,3.922,68.327,236.45,1254.96,-69.691,-98.908,-42.947,-105.747,-45.712,9.106,-75.651,2.942,-21.395,84.485,0.0,65
-490.799,-490.799,-0.399,-1070.859,275.156,-295.847,2.059,40.674,115.803,637.003,-42.196,-44.332,-22.343,-61.536,-25.489,5.473,-37.97,0.497,-15.652,49.105,0.0,59
-658.824,-658.824,0.0,-1743.295,485.841,-466.972,3.256,59.789,184.576,1069.127,-40.275,-36.104,-28.272,-145.7,-47.933,35.283,-57.775,1.153,-25.348,93.708,0.0,23
-127.267,-127.267,0.0,-455.484,119.261,-119.625,0.896,15.983,51.369,290.293,-14.739,-9.85,-9.8,-32.402,-13.152,21.503,-11.574,0.185,-1.218,41.081,0.0,98
-229.099,-229.099,0.0,-1154.684,367.049,-297.102,3.168,35.109,193.735,661.389,-23.758,-54.889,-10.647,-65.736,-27.75,34.766,-37.449,6.888,38.802,101.951,0.0,20
-565.506,-565.506,0.0,-1522.441,391.263,-403.287,3.097,55.864,166.144,899.305,-38.675,-45.287,-31.256,-108.235,-39.386,35.238,-54.962,1.508,-1.47,126.857,0.0,34
-695.123,-695.123,0.0,-2318.437,689.478,-643.301,4.225,76.91,337.387,1429.598,-112.1,-143.946,-69.546,-45.187,-41.084,75.435,-85.515,18.911,22.885,109.164,0.0,71
-198.144,-198.144,0.0,-522.876,144.761,-139.575,1.083,19.233,57.12,306.916,-15.687,-27.022,-3.694,-29.151,-15.314,12.389,-19.195,0.177,-12.182,44.851,0.0,74
-730.555,-730.555,0.0,-1590.615,350.212,-422.395,2.459,52.933,158.822,884.085,-30.085,-66.885,-27.056,-103.238,-42.27,21.697,-49.682,1.519,7.022,122.894,0.0,31
-716.946,-716.946,0.0,-2253.591,623.558,-604.21,4.224,77.925,313.273,1350.371,-51.173,-114.296,-40.275,-108.059,-52.451,79.255,-80.217,4.835,32.245,101.619,0.0,44
-589.401,-589.401,0.0,-1173.013,263.026,-328.728,2.045,40.199,125.559,676.488,-47.732,-78.347,-23.109,-46.325,-23.344,8.505,-51.559,1.804,-2.644,67.573,0.0,18
-250.711,-250.711,0.0,-547.396,103.47,-150.199,1.069,18.349,58.208,285.467,-5.879,-34.084,-9.008,-32.438,-12.168,13.22,-16.366,0.476,11.727,64.783,0.0,93
-1053.138,-1053.138,0.0,-2433.322,584.463,-690.124,4.115,84.277,259.416,1496.584,-87.232,-91.688,-68.625,-122.833,-63.61,52.343,-94.768,3.191,17.569,96.31,0.0,41
-359.128,-359.128,0.0,-927.59,284.993,-267.902,2.103,34.059,106.951,553.362,-26.387,-68.379,-16.415,-45.128,-20.811,28.26,-33.181,0.663,5.142,30.974,0.0,45
-768.278,-768.278,0.0,-1942.158,501.979,-558.8,3.773,71.87,214.07,1184.171,-34.695,-65.896,-43.449,-155.265,-51.852,49.345,-63.361,1.411,-5.455,125.601,0.0,34
-519.648,-519.648,0.0,-1232.947,309.28,-332.306,2.28,43.98,142.481,692.572,-36.755,-54.148,-21.62,-65.543,-26.342,28.997,-49.006,1.065,-1.955,80.29,0.0,15
-911.613,-911.613,0.0,-1829.73,371.402,-529.441,3.088,54.754,181.915,1096.147,-64.106,-43.534,-39.008,-149.325,-40.076,15.342,-50.277,1.407,-8.983,118.378,0.0,16
-768.183,-768.183,0.0,-3652.265,1155.857,-961.42,10.103,134.311,583.898,2244.193,-137.29,-165.299,-102.641,-133.445,-75.461,163.107,-112.741,12.328,69.792,197.894,0.0,46
-94.551,-94.551,0.0,-415.17,125.291,-124.751,0.907,15.205,59.991,265.067,-8.823,-21.281,-5.747,-23.007,-9.845,12.567,-13.778,1.008,23.025,24.567,0.0,97
-291.803,-291.803,0.0,-667.413,184.223,-219.89,1.32,25.092,69.352,410.128,-18.135,-83.793,-22.14,-8.166,-9.713,16.232,-24.388,0.155,16.033,38.942,0.0,51
-783.111,-783.111,0.0,-1839.78,403.508,-510.031,3.08,55.371,190.006,1165.12,-31.579,-7.322,-37.02,-198.334,-56.697,33.581,-31.562,1.579,0.001,76.553,1.0,32
-222.379,-222.379,0.0,-718.623,224.269,-181.012,1.401,28.298,85.057,421.244,-25.661,-24.839,-9.209,-43.506,-21.065,17.668,-30.108,0.982,12.143,40.404,0.0,101
-885.977,-885.977,0.0,-1933.539,437.939,-534.565,3.338,63.487,193.6,1168.067,-60.151,-58.726,-55.397,-130.326,-56.914,45.475,-53.588,1.551,-4.888,87.793,0.0,13
-1895.412,-1895.412,0.0,-4291.762,964.515,-1176.353,7.735,142.377,447.352,2542.444,-110.455,-127.638,-82.051,-282.574,-121.711,121.236,-136.517,3.352,-21.296,225.475,1.0,5
-863.473,-863.473,0.0,-1722.728,417.519,-474.644,2.859,57.693,181.012,935.942,-67.245,-139.519,-42.68,-29.318,-29.992,38.455,-70.211,2.12,1.091,75.674,0.0,39
-298.227,-298.227,0.0,-945.046,318.313,-264.65,2.173,37.376,104.093,553.595,-19.452,-65.716,-23.068,-35.042,-22.922,31.382,-35.314,0.327,13.051,52.568,0.0,73
108.085,108.085,0.0,-2213.432,994.634,-557.503,4.971,83.516,459.213,1443.94,-39.302,-35.209,-25.232,-182.71,-58.246,105.716,-54.834,24.243,33.032,125.286,0.0,92
-510.661,-510.661,0.0,-1280.235,335.809,-371.153,2.347,50.475,129.868,815.504,-34.441,-39.51,-28.178,-104.491,-36.008,23.605,-37.813,0.472,-12.127,75.205,0.0,67
-182.744,-182.744,0.0,-539.801,175.464,-157.252,1.156,22.317,59.099,351.798,-9.479,-35.687,-8.877,-32.914,-16.831,9.118,-11.23,0.389,-2.891,12.861,0.0,77
-228.62,-228.62,0.0,-627.288,173.494,-174.041,1.275,23.588,68.938,357.881,-19.67,-31.568,-11.043,-29.174,-15.556,16.653,-25.406,1.098,14.481,47.64,0.0,91
-985.159,-985.159,0.0,-2177.673,477.952,-596.75,3.574,72.51,230.63,1326.491,-68.568,-43.985,-53.919,-157.785,-58.104,43.023,-56.662,1.819,0.057,71.628,0.0,6
-539.114,-539.114,0.0,-1190.035,252.524,-317.41,2.203,42.899,120.474,732.582,-33.976,-20.17,-17.899,-110.537,-36.078,21.144,-33.371,1.998,-21.205,67.725,0.0,71
-831.172,-831.172,0.0,-2026.86,519.442,-567.437,3.525,67.546,223.271,1193.223,-80.625,-70.391,-51.883,-116.861,-41.502,46.975,-57.056,1.765,9.693,115.918,0.0,60
-249.313,-249.313,0.0,-529.533,120.079,-137.948,0.918,18.359,52.809,293.985,-15.626,-20.565,-6.908,-34.17,-12.364,9.449,-18.134,0.682,-8.132,37.788,0.0,32
-1457.245,-1457.245,-1.098,-3148.993,723.175,-879.688,5.465,106.998,333.596,1907.323,-109.099,-114.558,-78.309,-181.193,-84.748,61.335,-88.934,3.086,-23.605,111.099,0.0,74
-521.293,-521.293,0.0,-1427.255,374.491,-351.409,2.98,52.655,175.01,799.052,-35.432,-53.478,-12.571,-87.634,-43.114,24.099,-49.572,1.493,14.489,94.863,0.0,17
-468.006,-468.006,0.0,-1744.91,446.043,-445.794,3.473,55.939,258.482,1012.024,-33.614,-82.63,-17.233,-99.842,-40.268,79.948,-47.74,2.471,39.635,145.576,0.0,62
-1646.808,-1646.808,0.0,-3683.108,767.712,-1007.46,5.694,117.159,394.172,2218.382,-128.938,-102.971,-106.173,-249.165,-85.58,64.722,-113.081,2.338,40.509,218.571,0.0,9
-822.177,-822.177,0.0,-1838.179,450.738,-538.072,3.567,63.974,208.826,1100.021,-79.915,-173.501,-44.554,-14.419,-43.553,11.259,-64.133,1.419,29.239,104.885,0.0,65
-661.126,-661.126,0.0,-1431.942,325.131,-384.998,2.417,51.242,143.075,840.415,-40.602,-40.691,-30.477,-104.067,-41.214,25.306,-50.267,1.655,-2.355,76.192,0.0,30
-707.919,-707.919,0.0,-2030.537,533.112,-542.377,4.002,67.222,267.36,1140.294,-45.709,-91.043,-35.104,-99.345,-45.44,43.258,-63.587,3.136,20.927,165.572,0.0,54
-712.321,-712.321,0.0,-1620.323,359.206,-475.563,3.1,54.041,187.69,972.457,-64.826,-75.538,-37.006,-81.575,-43.551,54.502,-50.809,1.511,1.042,103.288,0.0,64
-1009.428,-1009.428,0.0,-2329.527,520.707,-675.553,4.157,75.315,242.393,1381.527,-87.582,-80.003,-44.065,-165.062,-50.796,63.7,-73.014,2.713,30.608,174.728,0.0,29
-1074.213,-1074.213,0.0,-2475.462,535.429,-699.875,4.507,84.634,277.891,1485.666,-62.241,-79.987,-60.465,-155.572,-55.846,53.454,-77.369,2.086,0.916,147.615,0.0,96
-1175.154,-1175.154,0.0,-2594.183,581.386,-717.871,4.134,89.481,257.83,1648.973,-81.831,-72.55,-64.174,-175.202,-79.439,42.417,-77.413,2.103,-10.842,71.538,0.0,64
-2084.735,-2084.735,0.0,-4873.46,1218.471,-1340.622,8.739,164.028,514.417,2886.537,-148.348,-141.342,-123.677,-310.143,-132.209,122.303,-149.874,5.319,-33.426,247.672,0.0,93
-967.025,-967.025,0.0,-2159.728,522.299,-586.498,4.032,75.886,222.094,1213.507,-62.319,-94.785,-49.11,-113.807,-60.414,45.768,-66.723,1.814,9.538,131.102,0.0,39
-883.429,-883.429,0.0,-1966.291,424.515,-528.119,3.411,65.629,202.521,1154.097,-71.172,-46.334,-45.729,-127.764,-50.134,35.03,-65.815,1.039,6.963,124.567,0.0,10
-1029.442,-1029.442,0.0,-2665.79,596.806,-641.633,4.861,88.183,237.945,1646.785,-72.876,-75.507,-54.829,-197.717,-66.586,46.4,-80.795,1.518,28.135,175.571,0.0,22
-768.959,-768.959,0.0,-2013.225,516.106,-599.435,3.653,65.073,219.727,1219.167,-77.197,-90.13,-47.344,-105.769,-43.185,93.271,-56.272,2.057,32.268,112.134,0.0,33
-710.205,-710.205,0.0,-1665.406,413.796,-449.012,3.107,57.523,173.247,979.43,-47.314,-65.096,-45.123,-93.769,-40.152,32.5,-55.091,2.997,18.262,69.39,0.0,13
-428.798,-428.798,0.0,-937.355,194.036,-275.849,1.644,28.307,94.311,533.475,-24.27,-31.7,-22.958,-62.634,-19.805,23.74,-30.513,1.214,0.86,98.685,0.0,79
-845.348,-845.348,0.0,-2454.96,639.439,-605.948,4.936,86.07,307.757,1441.301,-52.715,-70.737,-58.144,-140.62,-64.674,50.934,-75.397,2.081,16.717,128.247,0.0,21
-1031.363,-1031.363,0.0,-2519.8,579.816,-752.4,4.55,88.309,268.556,1592.428,-79.356,-97.231,-67.114,-144.688,-55.002,49.888,-72.102,1.013,48.275,122.807,0.0,39
-599.662,-599.662,0.0,-1385.31,302.544,-393.831,2.611,43.185,140.133,803.22,-48.646,-42.059,-21.374,-101.088,-36.393,35.558,-45.97,0.39,-6.803,154.136,0.0,69
-900.466,-900.466,0.0,-2181.846,493.787,-604.011,3.629,68.579,230.817,1273.444,-60.293,-75.037,-44.026,-150.196,-43.914,44.37,-54.057,1.888,44.339,151.512,0.0,75
-608.178,-608.178,0.0,-1308.431,324.704,-382.257,2.343,41.315,142.622,732.809,-27.09,-87.623,-27.267,-56.33,-31.061,33.607,-44.986,1.556,5.165,72.624,0.0,20
-368.73,-368.73,0.0,-743.138,191.028,-220.103,1.584,31.266,73.931,446.028,-32.199,-57.665,-13.889,-25.145,-21.168,16.149,-38.688,0.854,-10.706,33.132,0.0,110
-431.058,-431.058,0.0,-1025.474,274.986,-273.833,2.275,38.445,103.159,573.746,-26.052,-75.661,-14.776,-37.778,-29.135,20.523,-40.555,0.961,-0.852,78.953,0.0,16
-983.541,-983.541,0.0,-2475.522,615.85,-712.135,4.078,86.621,269.2,1543.612,-92.189,-60.514,-64.609,-167.236,-57.972,63.415,-73.18,1.968,35.444,99.464,1.0,83
-426.887,-426.887,0.0,-903.578,227.591,-245.172,1.704,33.194,105.645,496.46,-22.873,-51.334,-21.963,-37.185,-19.58,14.209,-39.429,1.399,-8.919,42.726,0.0,81
-1073.815,-1073.815,0.0,-3044.833,858.094,-867.557,6.285,114.262,354.488,1963.217,-78.169,-122.648,-66.788,-186.104,-75.811,100.313,-104.411,2.24,-15.103,88.469,0.0,92
-551.567,-551.567,0.0,-1987.871,522.927,-470.528,4.69,69.033,257.958,1211.537,-88.698,-38.508,-48.344,-108.989,-61.938,70.745,-60.377,2.834,61.843,111.977,0.0,24
-946.501,-946.501,0.0,-1943.513,390.02,-581.687,3.28,53.346,194.535,1111.099,-60.151,-105.568,-39.94,-97.486,-36.723,40.982,-68.977,0.351,3.216,190.454,0.0,87
-866.039,-866.039,0.0,-2007.051,470.296,-554.189,3.616,63.91,216.149,1210.067,-44.663,-73.696,-42.831,-137.266,-50.1,38.983,-76.498,1.393,-19.178,134.794,0.0,26
-823.677,-823.677,0.0,-2127.458,495.612,-601.758,4.105,74.995,240.93,1356.22,-83.367,-55.745,-47.109,-135.108,-51.19,35.629,-78.61,1.897,12.173,134.584,0.0,37
-855.825,-855.825,0.0,-2004.444,479.55,-566.429,4.04,67.529,210.814,1178.395,-40.146,-67.822,-53.976,-157.909,-53.997,46.752,-55.994,1.394,23.367,132.723,0.0,8
-806.226,-806.226,0.0,-1755.059,412.684,-488.607,3.302,58.267,188.853,1005.131,-62.881,-94.188,-40.407,-75.589,-39.833,41.188,-69.43,0.96,-8.845,118.21,1.0,17
-1042.684,-1042.684,0.0,-2122.223,428.871,-625.032,3.759,66.144,214.593,1271.993,-77.009,-68.961,-46.005,-150.123,-59.857,32.901,-67.679,1.785,-12.143,166.141,0.0,15
-343.177,-343.177,0.0,-868.957,224.877,-236.232,1.735,31.72,107.172,498.279,-22.36,-27.984,-32.047,-47.165,-20.227,14.341,-30.304,1.967,9.942,51.877,0.0,64
-1077.323,-1077.323,1.127,-2579.152,609.617,-742.999,5.587,87.803,298.282,1506.616,-61.732,-125.82,-39.082,-150.327,-59.803,56.381,-102.777,4.425,10.927,203.487,0.0,79
-506.684,-506.684,0.0,-1133.417,258.782,-308.772,2.022,38.018,121.925,683.227,-42.097,-44.921,-27.111,-65.467,-32.194,27.047,-34.242,2.016,9.601,38.426,0.0,84
-1037.243,-1037.243,0.0,-2749.422,724.4,-773.316,5.018,103.338,308.047,1684.497,-82.88,-61.404,-56.842,-198.062,-66.695,78.739,-79.419,3.0,13.881,109.733,0.0,11
-554.959,-554.959,0.0,-1153.13,247.534,-330.485,2.304,35.436,95.533,701.875,-21.449,-5.059,-16.292,-130.21,-36.228,17.809,-27.709,1.198,-19.335,83.191,0.0,80
-937.348,-937.348,0.0,-2074.257,476.078,-622.757,3.769,77.28,196.254,1242.177,-73.72,-117.318,-41.561,-114.992,-48.296,34.256,-51.16,1.42,29.243,146.079,0.0,49
-365.268,-365.268,0.0,-760.783,172.439,-241.013,1.408,24.646,79.864,449.774,-24.33,-61.53,-15.327,-32.603,-16.244,11.616,-22.116,0.206,-0.083,68.798,0.0,78
-544.846,-544.846,0.0,-1284.56,287.477,-340.232,2.268,42.165,137.05,748.002,-29.527,-53.913,-29.066,-76.834,-37.63,26.403,-48.192,0.906,18.372,92.442,0.0,79
-470.084,-470.084,0.0,-942.79,209.522,-267.705,1.753,28.31,101.163,498.939,-26.605,-74.302,-11.8,-35.495,-19.253,21.651,-37.628,0.266,2.643,80.985,0.0,66
-1032.903,-1032.902,0.0,-2332.097,495.146,-646.315,3.842,80.519,249.587,1375.873,-87.489,-75.626,-52.312,-159.704,-53.689,53.718,-74.206,2.631,9.957,177.007,0.0,10
-263.63,-263.63,0.0,-526.756,123.419,-162.877,1.025,20.77,50.868,323.913,-12.786,-26.728,-16.661,-34.128,-13.136,8.763,-17.176,0.13,-2.287,19.599,0.0,107
-182.69,-182.69,0.0,-788.52,218.627,-177.3,1.501,28.141,93.722,487.277,-10.495,-22.111,-13.954,-62.433,-19.514,19.931,-15.685,0.628,10.385,67.07,0.0,104
-716.585,-716.585,0.0,-1807.672,445.537,-469.865,3.356,60.855,189.731,1054.96,-41.344,-44.678,-40.527,-125.849,-42.769,36.217,-55.799,3.802,7.546,109.696,0.0,8
-741.221,-741.221,0.0,-1460.166,303.949,-433.284,2.347,46.351,135.196,887.716,-56.635,-42.203,-28.502,-107.305,-35.237,12.013,-55.107,0.861,-21.122,109.891,0.0,97
-282.65,-282.65,0.0,-835.001,281.358,-221.29,1.78,30.244,103.66,470.161,-21.846,-43.063,-19.73,-31.235,-20.848,20.998,-33.684,1.246,-10.381,44.956,0.0,98
-80.862,-80.862,0.0,-517.45,208.379,-143.863,1.261,30.914,43.686,417.623,-4.099,-6.317,-10.656,-72.651,-15.136,7.649,-12.103,0.143,-8.675,0.427,0.0,98
-120.528,-120.528,0.0,-339.839,99.672,-126.878,0.914,17.77,22.96,283.027,-11.323,-3.225,-8.734,-40.822,-14.123,6.485,-14.435,0.104,-13.718,21.636,0.0,83
-306.49,-306.49,0.0,-963.41,232.909,-242.778,1.961,34.162,189.916,503.567,-16.071,-52.694,-12.015,-41.583,-24.667,26.026,-30.914,6.276,15.462,67.362,0.0,79
-1212.597,-1212.597,0.0,-2720.913,604.806,-719.878,4.869,96.29,315.145,1603.863,-76.057,-89.134,-80.11,-161.234,-67.585,44.413,-88.303,2.044,-12.282,130.852,0.0,15
-323.598,-323.598,0.0,-738.716,208.239,-197.243,1.482,30.954,68.189,440.331,-17.893,-24.002,-20.347,-50.805,-27.308,7.229,-25.044,0.666,-9.503,29.975,1.0,80
-169.732,-169.732,0.0,-610.782,189.378,-162.756,1.347,21.129,84.301,341.648,-16.043,-28.979,-7.613,-32.419,-11.819,17.186,-16.303,0.143,-1.693,63.518,0.0,44
-775.282,-775.282,0.0,-1685.424,365.548,-489.807,2.847,50.645,187.59,998.217,-57.413,-61.499,-32.43,-112.413,-39.914,35.954,-50.118,1.342,19.939,91.491,1.0,72
-549.833,-549.833,0.0,-1622.033,406.709,-371.698,3.198,62.303,143.879,1017.514,-49.906,-58.091,-40.65,-79.249,-40.475,34.891,-45.759,1.541,12.763,75.159,0.0,27
-511.727,-511.727,0.0,-1240.573,292.567,-328.881,2.228,36.74,143.378,672.164,-26.457,-65.254,-28.566,-53.064,-23.918,29.5,-40.143,1.123,27.387,90.023,0.0,8
-1352.777,-1352.777,-0.406,-2933.518,661.369,-850.421,5.458,91.953,326.966,1752.143,-98.433,-137.771,-62.672,-175.164,-64.835,49.123,-111.678,2.07,3.237,189.667,0.0,23
-1035.211,-1035.211,0.0,-2734.684,615.931,-706.702,5.206,89.275,253.544,1720.007,-85.162,-110.593,-51.695,-159.43,-49.247,42.078,-72.05,1.124,8.03,199.079,0.0,76
-1089.531,-1089.531,0.0,-2764.345,615.249,-707.434,5.208,91.013,258.247,1719.683,-90.379,-115.43,-41.976,-159.564,-55.398,35.123,-78.731,0.803,0.699,197.644,0.0,109
-43.838,-43.838,0.0,-152.808,58.14,-34.77,0.5,7.69,13.187,98.422,-3.427,-11.384,-2.652,-7.221,-4.531,6.019,-13.133,0.326,-8.444,10.238,0.0,130
-751.94,-751.94,0.0,-1586.189,365.557,-432.05,2.929,57.313,161.169,946.416,-71.344,-41.14,-33.269,-92.671,-34.59,27.487,-47.854,1.741,-19.027,43.224,0.0,7
-768.818,-768.818,0.0,-1742.001,367.742,-459.777,2.891,54.011,189.961,1001.914,-51.597,-50.465,-36.849,-127.519,-45.127,46.415,-48.297,1.481,-2.968,131.308,0.0,98
-845.943,-845.943,0.0,-1745.066,343.25,-476.783,2.932,51.446,168.518,1026.262,-60.697,-68.436,-46.882,-91.195,-42.331,36.796,-71.183,1.598,-26.376,152.068,0.0,15
-402.369,-402.369,0.0,-848.392,218.16,-242.904,1.575,30.435,75.238,490.813,-22.824,-52.767,-23.71,-47.908,-22.934,15.222,-26.731,0.46,6.711,46.872,0.0,81
-933.703,-933.703,0.0,-2218.234,632.068,-651.294,3.908,68.605,231.722,1288.549,-57.287,-135.41,-52.385,-102.393,-50.207,30.52,-85.878,1.564,27.243,134.942,0.0,99
-828.484,-828.484,0.0,-1907.21,451.142,-547.594,3.377,59.972,201.127,1161.651,-66.262,-60.526,-53.58,-120.906,-45.402,45.607,-54.967,2.52,-13.214,115.201,0.0,7
-284.258,-284.258,0.0,-692.825,181.011,-206.46,1.465,24.945,60.78,425.713,-15.292,-30.432,-9.938,-51.945,-18.077,16.045,-26.319,0.145,-7.924,64.836,0.0,84
-810.69,-810.69,0.0,-1886.439,417.193,-566.105,3.351,63.86,224.728,1204.991,-65.935,-61.675,-60.565,-114.849,-38.182,33.008,-48.498,1.29,-0.62,83.151,0.0,16
