SCORE:,total_score,score,dslf_fa13,fa_atr,fa_dun,fa_elec,fa_intra_rep,fa_intra_sol_xover4,fa_rep,fa_sol,hbond_bb_sc,hbond_lr_bb,hbond_sc,hbond_sr_bb,linear_chainbreak,lk_ball_wtd,omega,overlap_chainbreak,p_aa_pp,pro_close,rama_prepro,ref,time,yhh_planarity,description,solubility
SCORE:,-470.914,-470.914,0.000,-1203.414,338.522,-341.858,2.604,46.000,129.335,717.160,-35.013,-21.947,-19.614,-98.392,0.000,-29.718,11.135,0.000,-34.513,0.769,7.706,60.218,1.000,0.108,pdb1a0f.ent_A_0001_0001,77
SCORE:,-619.930,-619.930,0.000,-1890.675,497.641,-474.868,3.522,61.099,236.580,1104.089,-40.691,-28.106,-27.842,-155.526,0.000,-47.973,18.094,0.000,-48.935,4.452,21.634,147.414,1.000,0.158,pdb1a5t.ent_A_0001_0001,38
SCORE:,-265.255,-265.255,0.000,-835.965,263.453,-240.659,1.869,35.778,110.637,508.578,-23.285,-31.061,-10.062,-56.936,0.000,-23.848,5.542,0.000,-22.884,0.475,-1.901,54.992,0.000,0.023,pdb1a6j.ent_A_0001_0001,83
SCORE:,-844.622,-844.622,-0.844,-2087.197,547.917,-575.513,4.085,69.996,265.698,1250.822,-64.191,-61.678,-37.873,-132.530,0.000,-54.162,11.092,0.000,-68.061,2.464,-4.538,88.832,0.000,1.059,pdb1a99.ent_A_0001_0001,62
SCORE:,-830.058,-830.058,0.000,-1848.881,425.681,-545.863,3.959,58.497,194.939,1129.652,-29.508,-66.561,-42.717,-133.259,0.000,-47.118,7.321,0.000,-43.925,3.180,12.627,91.631,0.000,0.289,pdb1abe.ent_A_0001_0001,87
SCORE:,-417.515,-417.516,0.000,-1069.735,271.352,-285.792,2.029,39.243,119.779,643.395,-32.066,-35.840,-20.778,-61.969,0.000,-28.289,5.167,0.000,-28.019,0.943,27.902,35.157,0.000,0.007,pdb1ag9.ent_A_0001_0001,99
SCORE:,-582.613,-582.613,0.000,-1614.635,469.610,-462.890,2.957,54.108,190.076,970.989,-47.266,-47.003,-32.020,-116.250,0.000,-43.595,28.560,0.000,-56.461,2.181,16.160,102.831,0.000,0.036,pdb1aj2.ent_A_0001_0001,24
SCORE:,-514.828,-514.828,0.000,-1195.134,335.700,-369.829,2.386,44.324,115.564,787.228,-39.056,-35.140,-32.603,-95.120,0.000,-36.397,21.167,0.000,-52.979,1.361,-17.373,50.850,0.000,0.223,pdb1ake.ent_A_0001_0001,105
SCORE:,-701.491,-701.491,0.000,-1638.642,454.928,-502.743,2.952,63.862,157.056,1032.836,-54.078,-91.295,-45.144,-75.812,0.000,-38.320,11.138,0.000,-56.657,1.679,33.851,42.628,0.000,0.268,pdb1ako.ent_A_0001_0001,24
SCORE:,-697.755,-697.755,0.000,-2211.227,636.261,-601.431,4.563,78.272,297.258,1335.968,-52.126,-64.365,-29.813,-133.637,0.000,-65.169,29.440,0.000,-57.246,4.553,47.434,83.034,0.000,0.477,pdb1anf.ent_A_0001_0001,96
SCORE:,-347.105,-347.105,0.000,-841.727,194.261,-240.105,1.694,27.232,87.691,499.137,-17.256,-27.589,-20.120,-55.713,0.000,-21.202,2.982,0.000,-27.129,0.763,16.219,73.707,0.000,0.051,pdb1b93.ent_A_0001_0001,112
SCORE:,-903.903,-903.904,0.000,-1918.344,412.321,-561.700,3.163,63.629,202.062,1193.744,-76.151,-57.964,-52.809,-118.235,0.000,-46.279,9.743,0.000,-59.910,0.914,4.443,97.356,0.000,0.113,pdb1bf6.ent_A_0001_0001,34
SCORE:,-512.309,-512.309,0.000,-1670.889,467.120,-452.028,4.048,56.589,233.847,937.132,-38.708,-80.344,-27.200,-98.531,0.000,-37.629,33.798,0.000,-58.747,10.285,77.814,131.038,0.000,0.097,pdb1bia.ent_A_0001_0001,38
SCORE:,57.422,57.422,0.000,-701.677,341.552,-164.626,1.840,33.067,127.236,489.506,-14.942,-0.839,-8.229,-57.031,0.000,-17.323,16.098,0.000,-16.786,1.849,22.089,5.398,0.000,0.239,pdb1bl0.ent_A_0001_0001,12
SCORE:,-699.029,-699.029,0.000,-2062.195,495.100,-538.303,4.039,64.936,267.000,1197.900,-56.872,-77.012,-34.460,-116.411,0.000,-52.828,19.412,0.000,-59.111,1.941,67.097,180.736,0.000,0.003,pdb1brm.ent_A_0001_0001,19
SCORE:,-1313.677,-1313.677,0.000,-3538.261,936.436,-980.920,7.206,123.291,484.893,2130.214,-100.853,-149.759,-67.400,-182.855,0.000,-84.454,27.789,0.000,-104.209,3.637,3.150,178.173,1.000,0.246,pdb1c0a.ent_A_0001_0001,82
SCORE:,-303.433,-303.433,0.000,-903.270,293.850,-273.536,2.008,27.198,118.713,518.329,-28.265,-41.098,-18.135,-58.119,0.000,-19.475,14.662,0.000,-28.791,1.255,23.461,67.762,0.000,0.018,pdb1cfz.ent_A_0001_0001,113
SCORE:,-1010.873,-1010.873,0.000,-2280.954,505.152,-635.857,4.144,73.500,233.180,1358.547,-83.805,-78.264,-50.351,-148.863,0.000,-55.486,9.505,0.000,-69.916,0.973,23.274,184.328,0.000,0.019,pdb1cl1.ent_A_0001_0001,28
SCORE:,-386.476,-386.476,0.000,-2126.279,700.827,-549.739,4.621,71.616,291.670,1306.193,-42.198,-66.712,-35.446,-139.146,0.000,-48.257,87.528,0.000,-53.836,13.044,77.591,121.198,0.000,0.849,pdb1cm7.ent_B_0001_0001,58
SCORE:,-203.811,-203.811,0.000,-537.764,154.840,-169.685,1.164,25.591,53.094,401.016,-22.022,-4.559,-22.429,-41.535,0.000,-12.356,6.943,0.000,-21.630,0.925,-15.631,0.160,0.000,0.065,pdb1cmc.ent_A_0001_0001,89
SCORE:,-904.841,-904.841,0.000,-2350.783,536.302,-622.964,4.178,74.903,353.916,1409.513,-68.720,-108.080,-53.402,-86.658,0.000,-50.396,16.547,0.000,-91.931,2.344,4.431,125.418,0.000,0.539,pdb1cs0.ent_B_0001_0001,60
SCORE:,-897.358,-897.358,0.000,-2267.739,553.650,-627.888,4.184,79.584,265.951,1380.630,-84.289,-73.777,-43.864,-143.555,0.000,-59.685,11.258,0.000,-65.894,1.375,9.675,162.929,0.000,0.098,pdb1cs1.ent_A_0001_0001,45
SCORE:,-541.826,-541.826,0.000,-1757.390,506.387,-487.157,4.106,54.334,274.037,1034.802,-68.231,-62.865,-28.152,-97.606,0.000,-41.281,21.588,0.000,-46.127,4.093,33.703,113.686,0.000,0.246,pdb1ctu.ent_A_0001_0001,42
SCORE:,-762.806,-762.806,0.000,-2140.305,568.690,-589.138,4.329,76.932,259.374,1265.060,-59.277,-66.439,-52.757,-142.682,0.000,-43.035,10.182,0.000,-52.311,1.730,40.702,156.044,0.000,0.094,pdb1d2f.ent_A_0001_0001,18
SCORE:,-533.502,-533.502,0.000,-1556.787,444.476,-427.603,3.301,53.492,208.802,884.302,-30.360,-53.489,-29.580,-88.887,0.000,-35.882,11.645,0.000,-48.549,1.506,34.514,95.550,0.000,0.047,pdb1d9e.ent_A_0001_0001,30
SCORE:,-860.348,-860.348,0.000,-2010.173,503.017,-614.456,3.726,67.278,222.875,1236.455,-60.706,-69.947,-67.330,-126.291,0.000,-48.905,17.893,0.000,-56.070,1.403,37.192,103.561,0.000,0.128,pdb1db3.ent_A_0001_0001,4
SCORE:,-196.293,-196.293,0.000,-504.315,145.941,-134.561,1.053,19.370,60.326,291.969,-12.279,-35.891,-10.998,-19.486,0.000,-12.618,4.004,0.000,-15.829,0.488,6.004,20.474,0.000,0.055,pdb1dfu.ent_P_0001_0001,86
SCORE:,-237.315,-237.315,0.000,-1462.535,501.903,-388.823,3.979,55.761,243.191,891.155,-36.234,-61.575,-26.532,-87.739,0.000,-33.733,33.224,0.000,-43.847,1.044,43.666,129.755,0.000,0.026,pdb1dih.ent_A_0001_0001,94
SCORE:,-388.480,-388.480,0.000,-1117.299,340.642,-303.520,2.745,45.783,135.552,685.202,-24.937,-63.692,-22.032,-60.440,0.000,-27.081,7.038,0.000,-34.370,1.950,3.807,42.150,0.000,0.020,pdb1dnl.ent_A_0001_0001,51
SCORE:,-1163.634,-1163.634,0.000,-2891.815,730.495,-756.032,5.163,102.933,312.100,1729.863,-88.526,-49.017,-57.784,-201.785,0.000,-81.181,18.155,0.000,-73.070,4.267,-7.945,140.067,0.000,0.479,pdb1dnp.ent_A_0001_0001,2
SCORE:,-1114.705,-1114.705,0.000,-2597.221,617.764,-734.356,5.532,84.713,290.147,1561.444,-82.695,-107.022,-70.265,-131.785,0.000,-60.462,20.667,0.000,-97.994,3.660,22.519,160.239,0.000,0.412,pdb1dv1.ent_A_0001_0001,30
SCORE:,-301.892,-301.892,0.000,-757.790,181.332,-226.301,1.773,30.123,69.552,506.544,-28.890,-24.708,-9.204,-64.373,0.000,-21.998,22.397,0.000,-33.139,0.643,-8.585,60.601,0.000,0.132,pdb1dwk.ent_A_0001_0001,52
SCORE:,-1153.304,-1153.304,0.000,-2704.985,574.136,-741.876,4.848,86.259,344.114,1606.465,-92.505,-80.220,-56.214,-155.523,0.000,-59.253,17.891,0.000,-81.190,5.411,15.225,163.820,0.000,0.293,pdb1ec7.ent_A_0001_0001,15
SCORE:,-1336.948,-1336.948,0.000,-2976.339,731.833,-839.524,5.403,104.508,331.457,1761.670,-99.309,-123.627,-72.502,-156.733,0.000,-71.317,12.848,0.000,-103.308,3.018,-6.228,160.966,0.000,0.237,pdb1ecf.ent_A_0001_0001,16
SCORE:,-544.512,-544.512,-1.130,-1194.140,276.434,-328.065,2.202,43.424,135.180,716.858,-31.528,-45.904,-23.008,-77.429,0.000,-33.595,4.470,0.000,-48.044,1.321,-16.734,75.145,0.000,0.029,pdb1eej.ent_A_0001_0001,82
SCORE:,-587.788,-587.788,0.000,-1480.484,389.074,-441.506,3.071,53.682,159.130,953.166,-37.892,-47.021,-41.549,-108.042,0.000,-39.892,7.234,0.000,-42.346,1.269,-10.320,94.223,0.000,0.414,pdb1ef8.ent_A_0001_0001,56
SCORE:,-316.775,-316.775,0.000,-1655.155,619.284,-409.171,4.014,61.593,239.451,974.561,-34.186,-54.020,-25.739,-97.208,0.000,-37.604,31.196,0.000,-51.710,0.834,16.231,100.717,0.000,0.136,pdb1ega.ent_A_0001_0001,92
SCORE:,-260.141,-260.141,0.000,-989.776,317.944,-293.090,2.327,43.295,118.349,709.674,-8.418,-17.280,-8.588,-111.609,0.000,-33.181,7.135,0.000,-22.234,0.846,-0.151,24.617,1.000,0.001,pdb1ek8.ent_A_0001_0001,110
SCORE:,-316.978,-316.978,0.000,-834.126,220.265,-230.891,1.600,33.451,106.316,510.287,-27.317,-32.927,-15.866,-47.078,0.000,-17.572,3.318,0.000,-28.032,0.886,-3.982,44.653,0.000,0.039,pdb1em8.ent_A_0001_0001,70
SCORE:,-598.030,-598.030,0.000,-1655.940,470.568,-467.100,3.196,59.676,191.671,1020.506,-69.372,-46.942,-44.540,-107.731,0.000,-34.570,26.619,0.000,-46.435,0.424,8.620,92.886,0.000,0.434,pdb1eq2.ent_A_0001_0001,26
SCORE:,-489.459,-489.459,0.000,-1225.669,259.350,-287.519,2.467,34.179,151.586,639.731,-21.352,-38.195,-10.993,-77.637,0.000,-30.194,5.698,0.000,-36.261,3.277,23.791,118.280,0.000,0.003,pdb1eua.ent_A_0001_0001,78
SCORE:,-336.996,-336.996,0.000,-1000.485,289.297,-300.705,1.869,41.117,95.679,719.672,-19.485,-1.989,-16.990,-121.945,0.000,-28.011,9.386,0.000,-17.032,0.522,3.618,8.191,0.000,0.294,pdb1eum.ent_A_0001_0001,75
SCORE:,-243.871,-243.871,0.000,-642.731,166.180,-135.973,1.450,21.851,55.532,333.668,-17.782,-48.808,-6.491,-15.037,0.000,-17.686,14.906,0.000,-24.257,1.377,7.567,62.352,0.000,0.012,pdb1euw.ent_A_0001_0001,97
SCORE:,-231.716,-231.716,0.000,-601.558,175.786,-162.621,1.164,24.563,68.848,378.860,-20.373,-28.674,-11.941,-37.106,0.000,-16.729,2.750,0.000,-23.895,0.264,3.072,15.864,0.000,0.011,pdb1ew4.ent_A_0001_0001,113
SCORE:,-836.592,-836.592,0.000,-2091.026,474.721,-519.712,4.072,62.980,265.093,1156.511,-54.588,-63.235,-43.174,-139.924,0.000,-48.569,10.986,0.000,-67.600,1.999,26.869,187.918,0.000,0.087,pdb1f0k.ent_A_0001_0001,49
SCORE:,-1026.555,-1026.555,0.000,-3082.199,861.321,-835.886,6.200,115.452,436.324,1912.828,-113.535,-121.872,-66.937,-157.532,0.000,-79.496,34.733,0.000,-94.377,6.230,30.889,120.591,0.000,0.711,pdb1f0x.ent_A_0001_0001,79
SCORE:,-317.363,-317.363,0.000,-848.899,245.570,-238.274,2.083,27.803,147.361,448.261,-17.240,-66.756,-11.749,-25.272,0.000,-13.998,10.271,0.000,-39.534,2.010,7.334,53.664,0.000,0.000,pdb1f3z.ent_A_0001_0001,114
SCORE:,-460.103,-460.103,0.000,-1334.006,370.021,-369.553,2.916,51.372,159.871,856.263,-44.118,-36.310,-30.155,-99.432,0.000,-34.631,4.891,0.000,-42.195,1.257,-6.037,89.606,0.000,0.137,pdb1f5v.ent_A_0001_0001,77
SCORE:,-782.438,-782.438,0.000,-2205.129,588.178,-569.345,4.612,84.474,262.545,1301.490,-59.482,-65.409,-33.524,-148.037,0.000,-61.693,19.883,0.000,-66.829,2.778,27.754,135.067,0.000,0.228,pdb1f6d.ent_A_0001_0001,76
SCORE:,-786.726,-786.726,0.000,-1997.708,495.089,-580.073,4.219,67.634,254.998,1234.282,-78.145,-69.710,-38.984,-127.268,0.000,-43.576,11.774,0.000,-64.853,2.497,24.371,118.564,0.000,0.162,pdb1f76.ent_A_0001_0001,13
SCORE:,-285.824,-285.824,0.000,-652.899,173.214,-190.283,1.340,26.747,67.002,389.124,-15.540,-48.155,-17.844,-22.841,0.000,-16.863,11.416,0.000,-31.334,0.465,1.485,38.889,0.000,0.254,pdb1f9z.ent_A_0001_0001,100
SCORE:,-393.435,-393.435,0.000,-946.343,267.859,-250.824,1.858,35.338,111.345,557.064,-37.051,-52.769,-12.312,-40.485,0.000,-24.185,16.552,0.000,-43.844,1.595,-12.555,35.098,0.000,0.225,pdb1faj.ent_A_0001_0001,93
SCORE:,-786.311,-786.311,0.000,-1781.913,390.269,-498.400,3.475,57.384,204.325,1039.331,-60.438,-66.125,-36.883,-104.525,0.000,-41.878,29.768,0.000,-55.090,1.882,23.628,108.844,0.000,0.038,pdb1fhu.ent_A_0001_0001,41
SCORE:,-89.827,-89.827,0.000,-397.890,126.815,-109.470,1.039,17.047,43.667,282.400,-2.654,-3.775,-6.857,-47.443,0.000,-14.881,8.141,0.000,-13.452,0.391,3.297,23.789,0.000,0.007,pdb1fia.ent_A_0001_0001,110
SCORE:,-485.680,-485.680,0.000,-886.795,178.457,-261.373,1.532,28.799,94.295,505.228,-41.276,-63.374,-14.377,-23.135,0.000,-15.383,11.000,0.000,-51.781,0.542,-15.054,66.541,0.000,0.473,pdb1fjj.ent_A_0001_0001,112
SCORE:,-323.702,-323.702,0.000,-731.861,210.626,-221.659,1.303,25.476,57.223,433.997,-15.655,-44.626,-18.986,-47.526,0.000,-20.036,11.003,0.000,-23.627,0.879,20.362,39.386,0.000,0.017,pdb1fm0.ent_E_0001_0001,84
SCORE:,-509.541,-509.541,0.000,-1198.331,303.014,-324.306,2.425,43.674,126.480,712.622,-32.925,-38.668,-21.301,-91.559,0.000,-28.136,7.979,0.000,-47.844,1.557,-17.485,93.182,0.000,0.083,pdb1fua.ent_A_0001_0001,54
SCORE:,-1446.162,-1446.162,0.000,-3461.506,927.093,-1031.496,6.280,115.119,349.090,2149.126,-110.100,-113.012,-92.735,-217.355,0.000,-84.833,19.527,0.000,-120.336,4.424,-13.438,227.018,0.000,0.973,pdb1fui.ent_A_0001_0001,36
SCORE:,-34.466,-34.466,0.000,-487.808,186.514,-128.906,1.206,21.225,58.412,350.961,-10.433,-1.699,-6.041,-54.439,0.000,-13.443,4.259,0.000,-5.532,0.184,7.307,43.769,0.000,0.000,pdb1g8e.ent_A_0001_0001,88
SCORE:,-1125.229,-1125.229,0.000,-2503.818,593.445,-738.516,4.835,84.975,257.550,1482.775,-60.610,-122.122,-61.647,-148.887,0.000,-64.422,29.300,0.000,-108.253,4.083,35.600,190.151,0.000,0.331,pdb1get.ent_A_0001_0001,67
SCORE:,-822.080,-822.080,0.000,-2035.822,470.952,-561.118,3.909,62.737,245.218,1237.528,-66.680,-61.007,-32.797,-128.650,0.000,-49.836,7.442,0.000,-60.974,5.781,10.120,131.009,0.000,0.109,pdb1gg1.ent_A_0001_0001,100
SCORE:,-963.678,-963.678,0.000,-2562.591,640.526,-700.864,4.882,80.906,375.425,1435.050,-75.988,-106.554,-28.954,-149.589,0.000,-51.688,30.295,0.000,-95.066,2.415,10.739,227.376,0.000,0.002,pdb1gg4.ent_A_0001_0001,59
SCORE:,-195.711,-195.711,0.000,-482.876,151.912,-175.146,1.306,16.607,56.907,297.642,-16.384,-30.843,-12.651,-26.026,0.000,-11.672,8.171,0.000,-18.796,0.110,-4.809,50.837,0.000,0.000,pdb1gnk.ent_A_0001_0001,41
SCORE:,-153.805,-153.805,0.000,-869.764,335.067,-251.542,2.229,38.307,127.817,584.479,-16.399,-34.718,-24.135,-60.608,0.000,-19.041,17.109,0.000,-23.676,1.630,15.417,23.964,0.000,0.059,pdb1grj.ent_A_0001_0001,87
SCORE:,-848.378,-848.378,0.000,-1862.206,482.775,-551.751,3.828,65.061,183.318,1118.023,-55.359,-91.019,-59.861,-99.857,0.000,-40.668,29.728,0.000,-64.755,3.099,0.831,90.309,0.000,0.125,pdb1gsa.ent_A_0001_0001,77
SCORE:,-657.552,-657.552,0.000,-1468.359,309.852,-394.285,2.804,44.927,188.260,834.632,-31.472,-62.036,-16.445,-97.567,0.000,-38.087,9.281,0.000,-59.043,0.970,-8.175,127.190,0.000,0.002,pdb1gsj.ent_A_0001_0001,81
SCORE:,-821.486,-821.486,0.000,-1652.648,336.919,-470.946,2.781,53.683,163.188,967.131,-45.081,-54.667,-41.892,-122.838,0.000,-45.527,30.104,0.000,-51.390,0.843,-9.364,118.051,0.000,0.168,pdb1gvf.ent_A_0001_0001,14
SCORE:,-740.735,-740.735,0.000,-2392.001,634.828,-699.703,4.646,85.548,480.802,1489.474,-63.398,-81.490,-60.785,-158.617,0.000,-55.754,11.189,0.000,-63.893,5.232,16.728,106.353,0.000,0.106,pdb1gvh.ent_A_0001_0001,87
SCORE:,-888.386,-888.386,0.000,-1957.291,428.816,-578.877,3.881,62.539,208.822,1223.065,-46.682,-59.088,-53.148,-162.874,0.000,-53.394,37.266,0.000,-59.755,2.333,5.043,110.715,0.000,0.244,pdb1gyn.ent_A_0001_0001,70
SCORE:,-1123.128,-1123.128,0.000,-3012.022,745.902,-809.508,5.397,95.022,364.275,1819.575,-89.797,-101.141,-55.520,-186.337,0.000,-71.727,14.023,0.000,-80.639,5.132,50.964,183.037,0.000,0.234,pdb1gyt.ent_A_0001_0001,58
SCORE:,-422.504,-422.504,0.000,-1323.322,401.249,-344.486,2.807,46.962,173.676,759.594,-27.552,-49.998,-19.543,-79.649,0.000,-34.186,8.878,0.000,-45.531,1.190,7.875,99.494,0.000,0.038,pdb1gz0.ent_A_0001_0001,93
SCORE:,-681.331,-681.331,0.000,-1702.261,404.586,-471.650,3.481,59.142,207.088,1013.970,-46.735,-59.107,-41.832,-104.208,0.000,-41.902,35.787,0.000,-51.751,1.228,22.632,89.596,0.000,0.605,pdb1h5r.ent_A_0001_0001,64
SCORE:,-207.799,-207.799,-0.939,-413.256,97.857,-108.784,0.827,16.151,47.315,224.093,-5.513,-16.884,-12.314,-26.200,0.000,-11.412,1.891,0.000,-17.985,0.554,-10.374,27.174,0.000,0.000,pdb1h75.ent_A_0001_0001,103
SCORE:,-930.576,-930.576,0.000,-1832.299,366.207,-540.638,3.072,54.534,196.720,1059.295,-75.387,-86.591,-38.515,-110.021,0.000,-45.121,6.315,0.000,-65.619,1.106,3.095,173.115,0.000,0.156,pdb1hnj.ent_A_0001_0001,92
SCORE:,-1496.971,-1496.971,-1.462,-3212.563,754.040,-931.006,5.917,102.419,383.051,1967.947,-124.487,-143.026,-88.497,-157.766,0.000,-77.640,14.148,0.000,-115.682,2.684,20.715,103.820,0.000,0.417,pdb1hpu.ent_A_0001_0001,77
SCORE:,-406.839,-406.839,0.000,-1070.468,268.881,-297.788,2.307,35.371,138.480,620.164,-32.890,-44.170,-17.491,-58.226,0.000,-21.577,12.753,0.000,-39.746,3.369,21.149,72.843,0.000,0.200,pdb1hru.ent_A_0001_0001,70
SCORE:,-1044.354,-1044.354,0.000,-2484.515,694.519,-759.530,5.151,86.492,295.086,1466.942,-71.806,-170.357,-49.001,-96.164,0.000,-46.930,11.044,0.000,-96.618,1.717,-15.443,184.846,0.000,0.212,pdb1hv9.ent_A_0001_0001,95
SCORE:,-779.294,-779.294,0.000,-2075.342,508.306,-557.019,5.193,74.396,273.052,1320.460,-85.830,-69.130,-64.458,-92.777,0.000,-45.314,9.984,0.000,-63.376,6.496,-3.950,79.268,1.000,0.747,pdb1hxq.ent_A_0001_0001,61
SCORE:,-398.661,-398.661,0.000,-879.399,195.633,-248.813,1.640,30.495,95.412,523.078,-28.677,-43.566,-23.018,-43.704,0.000,-19.452,7.140,0.000,-26.059,1.146,4.350,55.085,0.000,0.048,pdb1hzt.ent_A_0001_0001,32
SCORE:,-569.782,-569.782,0.000,-1514.014,411.365,-435.872,2.951,53.622,169.330,912.258,-55.514,-75.077,-28.432,-82.927,0.000,-40.915,31.227,0.000,-63.083,2.001,22.339,120.876,0.000,0.083,pdb1i2k.ent_A_0001_0001,11
SCORE:,-584.870,-584.870,0.000,-1232.022,287.611,-335.720,2.311,45.707,137.888,709.037,-48.122,-48.210,-25.162,-72.923,0.000,-31.246,5.243,0.000,-51.057,1.359,-18.507,88.864,0.000,0.078,pdb1i52.ent_A_0001_0001,67
SCORE:,-452.547,-452.547,0.000,-1196.622,305.761,-337.075,2.514,48.449,126.862,761.844,-31.690,-31.703,-22.252,-97.481,0.000,-33.612,5.307,0.000,-33.166,0.417,-4.746,84.568,0.000,0.077,pdb1i6p.ent_A_0001_0001,48
SCORE:,-252.629,-252.629,0.000,-578.696,150.661,-161.406,1.070,22.382,64.391,368.688,-23.681,-25.221,-15.635,-24.712,0.000,-14.550,0.558,0.000,-25.140,2.381,-13.173,19.444,0.000,0.009,pdb1i7h.ent_A_0001_0001,82
SCORE:,-455.743,-455.743,0.000,-1147.001,312.838,-338.006,2.688,36.880,154.314,683.373,-36.420,-75.987,-18.523,-49.939,0.000,-26.038,7.479,0.000,-44.482,1.239,-15.475,97.261,0.000,0.056,pdb1i8d.ent_A_0001_0001,91
SCORE:,-923.225,-923.225,0.000,-2249.795,636.932,-633.518,4.598,88.607,250.788,1361.013,-88.127,-73.040,-52.231,-111.197,0.000,-48.790,11.967,0.000,-81.001,1.861,-9.045,67.129,0.000,0.623,pdb1i8t.ent_B_0001_0001,6
SCORE:,-759.035,-759.035,0.000,-1599.637,363.900,-469.906,3.270,55.026,166.248,959.637,-40.496,-56.023,-32.161,-112.441,0.000,-42.662,21.269,0.000,-52.923,1.153,-19.788,96.352,0.000,0.147,pdb1iho.ent_B_0001_0001,52
SCORE:,-426.030,-426.030,0.000,-1777.939,540.613,-462.928,3.937,54.120,330.886,1041.926,-50.091,-61.386,-25.371,-92.282,0.000,-39.978,19.202,0.000,-65.058,2.213,31.204,124.694,0.000,0.208,pdb1iov.ent_A_0001_0001,97
SCORE:,-412.829,-412.829,0.000,-1054.677,237.291,-268.588,1.877,37.807,133.289,610.333,-26.277,-24.898,-21.409,-72.774,0.000,-23.529,6.267,0.000,-30.383,1.639,43.335,37.823,0.000,0.042,pdb1ivn.ent_A_0001_0001,41
SCORE:,-893.723,-893.723,0.000,-1912.616,402.586,-490.812,3.312,61.798,159.250,1149.837,-74.201,-69.203,-38.944,-109.601,0.000,-48.080,41.033,0.000,-53.782,0.855,-10.041,94.696,0.000,0.191,pdb1ixh.ent_A_0001_0001,80
SCORE:,-753.440,-753.440,0.000,-1782.004,445.989,-519.558,3.532,62.311,220.351,1087.797,-65.793,-74.552,-51.591,-90.626,0.000,-41.874,6.822,0.000,-69.559,2.244,-7.566,120.356,0.000,0.281,pdb1iye.ent_A_0001_0001,31
SCORE:,-167.312,-167.312,0.000,-739.507,204.672,-205.559,1.777,28.894,92.743,489.246,-10.477,-11.260,-4.241,-78.217,0.000,-24.219,5.333,0.000,-11.869,0.502,23.771,71.086,0.000,0.012,pdb1jgs.ent_A_0001_0001,81
SCORE:,-333.151,-333.151,0.000,-783.648,195.116,-217.031,1.539,30.029,90.634,446.851,-21.941,-51.286,-11.072,-36.784,0.000,-19.070,5.570,0.000,-29.719,0.270,12.850,54.382,0.000,0.161,pdb1jke.ent_A_0001_0001,38
SCORE:,-1008.583,-1008.583,0.000,-2307.346,529.594,-644.078,4.453,69.907,309.520,1340.819,-60.541,-95.795,-39.588,-139.437,0.000,-53.022,17.138,0.000,-84.327,1.423,-28.613,171.150,0.000,0.160,pdb1jkj.ent_B_0001_0001,68
SCORE:,-579.262,-579.262,0.000,-1205.781,277.166,-319.590,2.212,40.054,125.404,701.874,-36.446,-48.897,-35.164,-75.225,0.000,-32.803,2.395,0.000,-53.692,1.073,0.576,77.330,1.000,0.251,pdb1jkx.ent_A_0001_0001,98
SCORE:,-453.275,-453.275,0.000,-850.089,219.686,-262.117,1.718,31.207,85.360,470.371,-12.690,-63.080,-28.313,-37.667,0.000,-20.958,0.406,0.000,-31.784,0.996,3.562,39.895,0.000,0.222,pdb1jyh.ent_A_0001_0001,133
SCORE:,-841.442,-841.442,0.000,-2705.501,805.767,-752.656,7.058,99.091,376.091,1643.877,-78.574,-141.357,-63.302,-113.297,0.000,-59.769,45.340,0.000,-75.806,3.831,43.223,124.183,0.000,0.359,pdb1k0e.ent_A_0001_0001,82
SCORE:,-529.868,-529.868,0.000,-1277.212,313.911,-313.398,2.459,45.515,156.696,736.395,-37.404,-34.031,-28.516,-73.835,0.000,-37.641,7.174,0.000,-40.329,2.119,19.958,28.166,0.000,0.107,pdb1k4m.ent_A_0001_0001,89
SCORE:,-387.706,-387.706,0.000,-1046.253,294.454,-284.443,2.212,43.691,130.169,613.578,-30.553,-51.252,-25.201,-51.574,0.000,-25.381,7.522,0.000,-35.068,0.944,25.004,44.445,0.000,0.001,pdb1k4n.ent_A_0001_0001,108
SCORE:,-498.940,-498.940,0.000,-1210.756,270.070,-322.224,2.789,36.326,152.097,675.481,-38.916,-61.953,-24.686,-55.210,0.000,-31.143,19.374,0.000,-49.317,1.060,19.474,118.595,0.000,0.000,pdb1k6d.ent_A_0001_0001,54
SCORE:,-730.178,-730.178,0.000,-1626.881,384.771,-406.196,3.019,58.086,193.459,902.584,-47.446,-48.727,-32.660,-97.797,0.000,-44.082,5.019,0.000,-52.677,1.392,0.283,77.460,0.000,0.216,pdb1k77.ent_A_0001_0001,15
SCORE:,-537.147,-537.147,0.000,-1237.519,310.048,-321.762,2.413,46.811,145.375,717.989,-46.151,-61.974,-20.297,-56.394,0.000,-31.054,7.950,0.000,-44.440,2.396,-0.462,49.838,0.000,0.086,pdb1k7j.ent_A_0001_0001,52
SCORE:,-507.584,-507.584,0.000,-1156.944,270.303,-346.942,2.137,39.732,131.142,709.881,-41.870,-48.668,-20.840,-66.320,0.000,-29.233,18.850,0.000,-41.672,0.448,3.025,69.002,0.000,0.383,pdb1k7k.ent_A_0001_0001,95
SCORE:,-1057.428,-1057.428,0.000,-2529.573,611.165,-712.236,4.839,94.132,254.893,1607.149,-79.432,-84.537,-69.868,-190.700,0.000,-68.366,15.101,0.000,-67.078,1.043,23.849,131.131,1.000,1.061,pdb1k92.ent_A_0001_0001,19
SCORE:,-1069.330,-1069.330,0.000,-2408.096,532.211,-699.825,4.387,78.354,255.787,1509.031,-73.339,-69.335,-57.005,-181.051,0.000,-63.758,14.481,0.000,-82.686,2.766,0.684,168.000,0.000,0.065,pdb1kae.ent_A_0001_0001,91
SCORE:,-526.393,-526.393,0.000,-1260.514,294.042,-359.059,2.389,47.464,133.627,788.296,-37.992,-34.407,-17.199,-94.078,0.000,-36.351,4.131,0.000,-35.616,0.590,-1.173,79.455,0.000,0.004,pdb1kdo.ent_A_0001_0001,86
SCORE:,-415.019,-415.019,0.000,-1099.695,328.317,-328.481,2.581,44.324,117.613,691.759,-30.513,-71.814,-34.786,-44.751,0.000,-25.426,5.332,0.000,-39.115,2.184,8.376,58.983,0.000,0.091,pdb1khz.ent_B_0001_0001,58
SCORE:,-1051.481,-1051.481,0.000,-2471.827,598.198,-677.892,4.403,86.826,277.957,1462.760,-92.428,-106.154,-54.025,-129.856,0.000,-54.742,48.586,0.000,-91.991,3.220,-4.430,149.738,0.000,0.174,pdb1knw.ent_A_0001_0001,67
SCORE:,-362.638,-362.638,0.000,-1290.643,306.376,-339.843,3.012,42.494,159.158,824.171,-17.082,-8.585,-12.983,-137.185,0.000,-35.143,4.862,0.000,-35.222,1.274,15.985,156.682,0.000,0.032,pdb1kqf.ent_C_0001_0001,35
SCORE:,-775.114,-775.114,4.902,-1736.216,425.413,-479.429,3.480,58.990,181.079,992.273,-48.322,-63.462,-46.454,-113.437,0.000,-43.263,23.875,0.000,-53.146,1.862,-8.310,125.031,0.000,0.020,pdb1ks9.ent_A_0001_0001,31
SCORE:,-2142.226,-2142.226,0.000,-5043.894,1205.082,-1403.461,9.069,143.382,592.827,3022.180,-148.857,-153.932,-91.470,-321.430,0.000,-140.635,54.742,0.000,-189.837,7.670,27.349,288.724,0.000,0.266,pdb1l5j.ent_A_0001_0001,90
SCORE:,-602.116,-602.116,0.000,-1261.941,249.327,-364.123,2.455,33.770,151.885,717.492,-33.886,-39.166,-22.215,-101.482,0.000,-30.691,6.427,0.000,-39.639,1.569,-2.838,130.832,0.000,0.109,pdb1l6w.ent_A_0001_0001,15
SCORE:,-919.366,-919.366,0.000,-2037.162,477.230,-534.628,3.719,69.026,206.083,1234.540,-74.570,-58.040,-57.498,-138.779,0.000,-59.218,27.078,0.000,-69.533,1.900,-12.873,102.874,0.000,0.485,pdb1lqa.ent_A_0001_0001,11
SCORE:,-721.680,-721.680,0.000,-1567.510,335.821,-431.888,2.711,45.913,159.167,895.593,-46.067,-57.260,-19.771,-103.287,0.000,-38.193,32.987,0.000,-51.152,2.849,-12.888,130.796,1.000,0.499,pdb1m3u.ent_A_0001_0001,44
SCORE:,-638.021,-638.021,0.000,-1417.676,301.632,-379.492,2.536,44.966,166.108,824.427,-62.628,-42.814,-27.951,-84.026,0.000,-36.481,25.579,0.000,-46.131,1.071,6.607,86.135,0.000,0.115,pdb1m68.ent_A_0001_0001,100
SCORE:,-417.591,-417.591,0.000,-932.043,239.260,-243.208,1.688,31.790,99.447,535.682,-28.821,-34.013,-18.019,-52.371,0.000,-26.852,3.666,0.000,-33.656,0.956,-15.132,53.905,0.000,0.127,pdb1mug.ent_A_0001_0001,23
SCORE:,-942.412,-942.412,0.000,-2199.343,524.899,-651.505,3.970,79.763,222.891,1434.670,-54.614,-12.270,-58.970,-211.573,0.000,-61.124,15.357,0.000,-45.216,0.881,-18.973,88.275,0.000,0.470,pdb1mxr.ent_A_0001_0001,46
SCORE:,-200.221,-200.221,0.000,-828.576,311.898,-205.979,1.917,35.125,109.924,498.296,-20.598,-12.063,-9.873,-68.735,0.000,-27.815,6.915,0.000,-21.382,0.546,-7.148,37.320,0.000,0.006,pdb1mzg.ent_A_0001_0001,104
SCORE:,-679.673,-679.673,0.000,-1681.351,419.398,-451.848,3.053,54.805,204.989,974.028,-64.645,-59.009,-26.498,-90.680,0.000,-44.388,37.907,0.000,-58.213,2.813,29.278,70.524,0.000,0.163,pdb1n57.ent_A_0001_0001,79
SCORE:,-634.646,-634.646,0.000,-1597.102,358.348,-468.549,2.985,49.312,181.498,909.593,-44.124,-89.974,-25.956,-86.871,0.000,-35.108,62.457,0.000,-46.094,1.235,37.775,155.919,0.000,0.010,pdb1ni9.ent_A_0001_0001,69
SCORE:,-522.826,-522.826,0.000,-1789.909,594.532,-492.862,4.340,64.969,241.007,1041.331,-45.274,-86.194,-36.767,-84.713,0.000,-36.856,45.181,0.000,-63.397,1.839,11.968,107.909,0.000,0.069,pdb1nij.ent_A_0001_0001,90
SCORE:,-233.671,-233.671,0.000,-660.906,184.518,-185.546,1.465,21.565,109.249,394.853,-16.229,-32.393,-12.485,-39.460,0.000,-17.905,6.173,0.000,-25.126,4.608,-8.648,42.593,0.000,0.003,pdb1nmn.ent_A_0001_0001,106
SCORE:,-646.164,-646.164,0.000,-1439.960,359.036,-423.016,2.933,44.876,163.897,870.024,-56.543,-74.960,-34.489,-78.955,0.000,-31.953,7.885,0.000,-54.407,1.631,4.686,93.127,0.000,0.024,pdb1nmo.ent_A_0001_0001,13
SCORE:,-230.506,-230.506,0.000,-735.948,238.700,-190.188,1.621,33.467,71.521,403.419,-14.746,-33.768,-8.750,-38.702,0.000,-25.932,20.183,0.000,-31.379,0.600,15.282,64.112,0.000,0.000,pdb1np6.ent_A_0001_0001,98
SCORE:,-589.450,-589.450,0.000,-1678.866,424.811,-444.021,3.431,56.361,252.013,976.335,-51.788,-64.566,-25.451,-106.720,0.000,-42.118,12.734,0.000,-48.676,2.148,33.287,111.474,0.000,0.163,pdb1npd.ent_A_0001_0001,84
SCORE:,-318.034,-318.034,0.000,-868.515,229.521,-247.311,1.778,32.497,98.397,532.092,-20.015,-28.464,-27.212,-63.961,0.000,-21.955,25.091,0.000,-28.739,1.187,19.013,48.546,0.000,0.018,pdb1ns5.ent_A_0001_0001,17
SCORE:,-719.594,-719.594,0.000,-2011.183,503.985,-584.941,3.612,62.905,243.665,1294.217,-54.164,-72.383,-37.956,-136.280,0.000,-49.911,8.961,0.000,-52.144,1.469,33.772,126.693,0.000,0.089,pdb1nxu.ent_A_0001_0001,37
SCORE:,-399.080,-399.080,0.000,-887.128,190.610,-263.492,1.782,24.295,99.076,503.232,-29.375,-57.049,-22.992,-38.383,0.000,-20.713,30.782,0.000,-42.158,1.018,18.818,92.412,0.000,0.186,pdb1o8b.ent_A_0001_0001,94
SCORE:,-890.095,-890.095,0.000,-1988.198,455.894,-613.011,3.865,62.333,216.889,1279.168,-60.172,-43.045,-34.745,-156.222,0.000,-51.606,7.140,0.000,-43.790,1.585,-20.648,94.186,0.000,0.282,pdb1onr.ent_A_0001_0001,85
SCORE:,-481.182,-481.182,0.000,-1217.253,311.732,-317.062,2.473,41.657,147.981,709.231,-30.507,-41.595,-15.029,-77.763,0.000,-35.351,6.705,0.000,-44.268,0.783,1.025,75.949,0.000,0.111,pdb1oro.ent_A_0001_0001,72
SCORE:,-1237.385,-1237.385,0.000,-3220.574,845.842,-874.300,5.968,111.287,386.288,1959.059,-112.180,-141.999,-75.374,-155.037,0.000,-89.182,21.323,0.000,-103.942,2.026,38.156,164.791,1.000,0.462,pdb1os1.ent_A_0001_0001,59
SCORE:,-161.740,-161.740,0.000,-447.740,125.519,-135.181,1.000,19.981,45.330,335.469,-7.688,-20.367,-7.215,-38.673,0.000,-15.895,2.290,0.000,-18.911,0.523,-8.792,8.604,0.000,0.006,pdb1owg.ent_B_0001_0001,23
SCORE:,-840.705,-840.705,0.000,-2353.170,625.318,-637.677,5.119,82.661,291.232,1481.181,-85.269,-70.789,-60.245,-155.774,0.000,-55.799,11.757,0.000,-64.376,1.648,24.969,117.934,0.000,0.575,pdb1p3w.ent_A_0001_0001,37
SCORE:,-238.189,-238.189,0.000,-691.347,215.705,-180.898,1.426,28.182,83.658,405.488,-16.699,-32.107,-19.326,-34.809,0.000,-18.863,6.543,0.000,-26.494,0.316,4.400,36.634,0.000,0.004,pdb1pf5.ent_A_0001_0001,87
SCORE:,-709.051,-709.051,0.000,-1785.885,460.932,-514.617,3.180,56.397,181.384,1083.484,-47.181,-65.145,-29.242,-131.401,0.000,-46.663,5.719,0.000,-54.069,1.130,13.093,159.809,0.000,0.024,pdb1pfk.ent_A_0001_0001,77
SCORE:,-165.210,-165.210,0.000,-450.030,142.001,-138.864,0.894,16.104,51.090,280.734,-16.056,-19.236,-4.398,-31.688,0.000,-11.507,2.562,0.000,-17.171,0.315,3.696,26.343,0.000,0.000,pdb1poh.ent_A_0001_0001,88
SCORE:,-265.868,-265.868,0.000,-688.937,181.560,-209.368,1.287,23.419,84.598,427.463,-10.783,-57.607,-8.115,-47.599,0.000,-15.333,4.118,0.000,-20.190,0.094,-2.864,72.388,0.000,0.003,pdb1psu.ent_A_0001_0001,77
SCORE:,-837.753,-837.753,0.000,-1910.246,420.975,-499.689,3.730,58.567,234.888,1033.955,-55.226,-71.548,-29.124,-107.384,0.000,-50.524,9.770,0.000,-72.392,1.715,26.549,168.192,0.000,0.038,pdb1ptm.ent_A_0001_0001,95
SCORE:,-516.022,-516.022,0.000,-1313.397,332.768,-380.656,2.767,42.605,133.798,787.779,-34.147,-71.547,-19.884,-82.518,0.000,-33.721,8.218,0.000,-36.475,1.371,23.280,123.647,0.000,0.090,pdb1pw7.ent_A_0001_0001,109
SCORE:,-410.336,-410.336,0.000,-926.212,219.004,-231.893,1.707,32.787,93.150,527.426,-25.710,-43.554,-22.053,-46.781,0.000,-21.382,21.229,0.000,-31.311,1.029,4.555,37.532,0.000,0.140,pdb1q0n.ent_A_0001_0001,67
SCORE:,-2145.657,-2145.657,0.000,-5693.017,1496.329,-1609.998,10.779,204.734,742.490,3498.846,-170.238,-194.666,-114.181,-352.487,0.000,-132.475,40.583,0.000,-138.360,7.747,72.016,184.337,0.000,1.904,pdb1q2l.ent_A_0001_0001,66
SCORE:,-621.309,-621.309,0.000,-1331.208,275.017,-370.657,2.638,36.267,142.394,806.024,-47.636,-47.902,-23.853,-100.126,0.000,-37.960,3.306,0.000,-48.144,0.233,-10.920,131.161,0.000,0.060,pdb1q7b.ent_A_0001_0001,93
SCORE:,-213.910,-213.910,0.000,-652.317,189.902,-171.467,1.492,26.548,73.439,385.729,-8.756,-39.080,-21.306,-29.490,0.000,-17.720,18.678,0.000,-21.508,2.573,8.156,41.092,0.000,0.125,pdb1q8r.ent_A_0001_0001,76
SCORE:,-468.487,-468.487,0.000,-1291.146,371.585,-371.597,2.882,47.735,152.531,728.258,-40.799,-70.625,-26.195,-62.849,0.000,-32.073,55.975,0.000,-40.769,3.095,15.153,90.185,0.000,0.168,pdb1qfj.ent_A_0001_0001,88
SCORE:,-337.093,-337.093,0.000,-902.027,239.936,-248.895,1.819,38.709,105.971,530.137,-22.443,-26.113,-17.630,-62.735,0.000,-19.097,7.302,0.000,-23.841,1.720,-4.262,64.349,0.000,0.009,pdb1qjc.ent_A_0001_0001,94
SCORE:,-1780.409,-1780.409,-1.006,-3942.326,892.490,-1093.354,6.475,134.333,390.258,2483.391,-102.307,-22.253,-103.307,-373.341,0.000,-123.062,15.433,0.000,-73.760,2.934,-19.318,147.903,0.000,0.405,pdb1qsa.ent_A_0001_0001,11
SCORE:,-645.969,-645.969,0.000,-1346.948,289.932,-403.674,2.303,41.463,103.218,819.207,-46.765,-41.295,-26.087,-110.965,0.000,-38.137,18.169,0.000,-41.020,0.510,-0.796,134.866,0.000,0.049,pdb1qsg.ent_A_0001_0001,49
SCORE:,-915.936,-915.936,0.000,-3257.916,1050.230,-824.065,6.478,123.441,429.434,2007.059,-84.325,-117.782,-78.868,-149.298,0.000,-99.553,19.624,0.000,-85.186,3.304,24.717,116.275,1.000,0.495,pdb1qtq.ent_A_0001_0001,30
SCORE:,-751.801,-751.801,0.000,-1760.001,380.148,-413.521,2.880,54.599,137.972,1099.705,-77.918,-47.491,-27.180,-106.388,0.000,-46.598,39.796,0.000,-56.582,0.302,-34.643,103.047,0.000,0.072,pdb1qtw.ent_A_0001_0001,14
SCORE:,-349.147,-349.147,0.000,-680.316,144.041,-212.050,1.233,22.530,77.170,401.414,-30.452,-35.389,-12.888,-38.902,0.000,-13.902,6.430,0.000,-26.181,0.522,-6.070,53.660,0.000,0.001,pdb1qu9.ent_A_0001_0001,76
SCORE:,-827.332,-827.332,0.000,-1659.330,366.084,-479.195,2.866,52.276,168.911,937.960,-44.023,-112.709,-42.235,-69.392,0.000,-41.550,41.113,0.000,-66.603,3.012,7.812,107.412,0.000,0.263,pdb1qy9.ent_A_0001_0001,82
SCORE:,-244.595,-244.595,0.000,-705.532,194.980,-191.828,1.482,24.676,93.182,376.904,-8.531,-52.516,-7.432,-39.166,0.000,-13.913,5.985,0.000,-15.765,0.740,34.311,57.747,0.000,0.082,pdb1qyn.ent_A_0001_0001,89
SCORE:,-392.645,-392.645,0.000,-937.513,213.748,-282.305,1.764,33.458,107.426,596.174,-38.864,-39.927,-15.825,-55.945,0.000,-19.649,3.877,0.000,-29.541,1.170,10.149,59.152,0.000,0.006,pdb1r2k.ent_A_0001_0001,105
SCORE:,-804.717,-804.717,0.000,-2136.624,524.994,-566.236,4.267,71.023,261.447,1289.326,-67.497,-65.281,-30.380,-142.853,0.000,-66.149,13.464,0.000,-48.379,2.787,17.663,133.484,0.000,0.228,pdb1r8g.ent_A_0001_0001,9
SCORE:,-952.762,-952.762,-0.745,-1851.508,374.421,-512.524,3.028,55.873,187.161,1105.480,-68.040,-63.780,-45.407,-122.751,0.000,-50.699,34.081,0.000,-64.503,1.198,-26.863,92.446,0.000,0.369,pdb1r9l.ent_A_0001_0001,52
SCORE:,-241.953,-241.953,0.000,-2363.048,711.374,-648.493,4.965,79.880,787.426,1459.392,-90.010,-80.801,-39.302,-110.766,0.000,-45.748,13.201,0.000,-73.245,1.195,20.826,131.082,0.000,0.118,pdb1rg9.ent_A_0001_0001,48
SCORE:,-859.765,-859.765,0.000,-1734.752,342.240,-513.078,3.074,53.569,210.064,1015.267,-42.544,-78.253,-39.783,-109.972,0.000,-42.859,7.079,0.000,-64.810,1.878,8.871,124.238,0.000,0.007,pdb1rka.ent_A_0001_0001,88
SCORE:,-1049.872,-1049.872,0.000,-2371.139,445.158,-656.449,3.919,67.401,295.071,1392.746,-66.798,-50.131,-44.257,-182.140,0.000,-60.617,10.300,0.000,-57.989,1.961,29.851,192.824,0.000,0.417,pdb1rrm.ent_A_0001_0001,77
SCORE:,-654.358,-654.358,0.000,-1333.352,296.352,-421.897,2.212,43.699,108.903,796.443,-51.577,-73.162,-33.259,-79.079,0.000,-35.666,28.562,0.000,-46.659,0.723,16.942,126.341,0.000,0.116,pdb1rxy.ent_A_0001_0001,81
SCORE:,-385.656,-385.656,0.000,-924.168,233.633,-242.481,1.705,34.037,94.199,547.917,-30.106,-47.310,-18.135,-36.805,0.000,-28.019,25.750,0.000,-31.674,0.564,-12.228,47.333,0.000,0.133,pdb1rya.ent_A_0001_0001,76
SCORE:,-302.536,-302.536,0.000,-740.208,187.570,-197.127,1.556,27.504,95.004,414.851,-10.117,-55.914,-14.862,-30.240,0.000,-17.780,4.941,0.000,-23.959,0.401,-5.907,61.310,0.000,0.440,pdb1s5u.ent_A_0001_0001,70
SCORE:,-495.884,-495.884,0.000,-1196.214,324.126,-376.070,2.439,46.303,146.807,811.068,-34.448,-35.075,-37.496,-93.814,0.000,-31.420,7.095,0.000,-42.871,1.157,-29.974,42.391,0.000,0.114,pdb1s96.ent_A_0001_0001,115
SCORE:,-532.885,-532.885,0.000,-1224.989,261.735,-329.167,2.227,42.041,107.693,739.684,-23.558,-4.505,-20.741,-137.081,0.000,-38.566,27.221,0.000,-34.719,0.595,-10.409,109.648,0.000,0.006,pdb1sdi.ent_A_0001_0001,19
SCORE:,-1204.238,-1204.238,0.000,-2537.998,519.498,-728.864,4.210,74.770,283.424,1500.749,-76.551,-85.363,-61.843,-171.421,0.000,-55.892,10.751,0.000,-88.020,1.818,26.318,179.747,0.000,0.429,pdb1sff.ent_A_0001_0001,77
SCORE:,-433.641,-433.641,0.000,-969.467,225.166,-263.687,1.840,28.958,117.072,545.378,-23.020,-35.212,-10.624,-70.397,0.000,-23.533,2.242,0.000,-40.541,2.885,-8.704,87.957,0.000,0.047,pdb1spv.ent_A_0001_0001,82
SCORE:,-703.420,-703.420,0.000,-1807.080,445.115,-516.996,3.685,62.466,216.153,1116.490,-41.740,-57.801,-31.014,-128.955,0.000,-55.892,34.890,0.000,-44.779,2.919,14.209,84.479,0.000,0.427,pdb1sq5.ent_A_0001_0001,40
SCORE:,-936.276,-936.276,0.000,-2637.532,682.997,-733.467,5.235,88.663,371.517,1613.561,-65.628,-64.920,-60.768,-179.340,0.000,-64.157,46.006,0.000,-62.755,5.117,10.752,108.282,1.000,0.160,pdb1sqf.ent_A_0001_0001,51
SCORE:,-683.128,-683.128,0.000,-1588.738,328.553,-459.759,2.766,50.322,185.776,960.559,-38.814,-56.153,-30.165,-107.861,0.000,-29.601,37.490,0.000,-59.781,1.450,0.329,120.459,0.000,0.038,pdb1t3d.ent_A_0001_0001,73
SCORE:,-63.363,-63.363,0.000,-825.303,335.239,-204.819,2.100,32.854,114.919,625.173,-7.500,-4.308,-13.029,-88.299,0.000,-21.345,8.751,0.000,-14.138,0.542,-5.098,0.748,0.000,0.149,pdb1tjl.ent_A_0001_0001,73
SCORE:,-497.178,-497.178,0.000,-1368.095,407.916,-421.575,2.660,49.265,186.309,828.278,-38.944,-132.820,-48.357,-19.150,0.000,-18.762,8.644,0.000,-40.035,0.694,60.237,46.385,0.000,0.171,pdb1tq5.ent_A_0001_0001,88
SCORE:,-187.362,-187.362,0.000,-536.267,146.474,-157.129,1.148,19.528,58.175,331.324,-8.979,-30.110,-11.098,-32.360,0.000,-12.649,14.857,0.000,-19.494,0.792,6.504,41.903,0.000,0.020,pdb1tuv.ent_A_0001_0001,121
SCORE:,-1078.776,-1078.776,0.000,-2843.981,828.871,-799.007,5.705,104.101,382.539,1682.191,-85.792,-210.276,-87.856,-51.884,0.000,-52.371,33.156,0.000,-93.815,3.512,31.874,73.242,0.000,1.017,pdb1txk.ent_A_0001_0001,24
SCORE:,-906.895,-906.895,0.000,-2296.140,562.248,-600.493,4.302,78.787,303.746,1311.404,-68.682,-67.740,-52.210,-136.697,0.000,-59.893,20.194,0.000,-70.557,3.337,16.460,144.913,0.000,0.124,pdb1u08.ent_A_0001_0001,9
SCORE:,-935.086,-935.086,0.000,-2802.219,788.509,-831.206,5.342,102.342,365.390,1843.556,-79.395,-75.287,-73.948,-194.014,0.000,-69.027,14.120,0.000,-67.894,1.939,17.774,118.829,0.000,0.103,pdb1u0b.ent_B_0001_0001,40
SCORE:,-882.723,-882.723,0.000,-1880.276,353.478,-506.190,2.921,54.002,191.339,1094.531,-56.335,-53.546,-41.488,-144.539,0.000,-50.945,43.931,0.000,-57.079,1.423,25.223,140.546,0.000,0.280,pdb1u60.ent_A_0001_0001,56
SCORE:,-1118.132,-1118.132,0.000,-2527.533,513.971,-723.977,4.858,75.423,287.229,1412.341,-48.340,-124.426,-54.865,-129.030,0.000,-55.233,111.140,0.000,-84.514,2.586,12.099,210.121,0.000,0.019,pdb1uae.ent_A_0001_0001,64
SCORE:,-974.666,-974.666,0.000,-2084.051,444.268,-606.837,3.671,70.047,243.126,1272.647,-82.558,-63.664,-62.039,-121.620,0.000,-46.070,13.832,0.000,-66.124,2.448,3.257,104.321,0.000,0.681,pdb1udc.ent_A_0001_0001,10
SCORE:,-421.670,-421.670,0.000,-919.256,197.893,-258.450,1.640,27.626,108.220,528.297,-22.108,-37.061,-17.307,-57.327,0.000,-18.797,3.028,0.000,-23.240,0.964,-4.418,68.617,0.000,0.010,pdb1ujc.ent_A_0001_0001,79
SCORE:,-513.092,-513.092,0.000,-1251.346,334.618,-309.572,2.424,45.913,117.940,738.596,-50.502,-31.638,-16.948,-76.664,0.000,-36.001,7.545,0.000,-53.155,2.539,-12.607,75.538,0.000,0.228,pdb1uug.ent_A_0001_0001,14
SCORE:,-493.662,-493.662,0.000,-1083.652,237.992,-351.093,2.122,32.548,100.469,676.808,-35.179,-38.514,-27.404,-81.344,0.000,-24.938,38.032,0.000,-31.614,1.132,9.610,81.254,0.000,0.109,pdb1v4b.ent_A_0001_0001,109
SCORE:,-599.946,-599.946,0.000,-1310.820,285.479,-347.377,2.418,48.185,145.319,777.203,-32.868,-50.630,-23.572,-82.955,0.000,-37.462,3.024,0.000,-49.159,1.406,10.728,61.093,0.000,0.041,pdb1v58.ent_A_0001_0001,51
SCORE:,-1072.394,-1072.395,0.000,-2662.573,678.394,-763.299,5.068,90.119,357.832,1577.398,-94.890,-66.893,-70.545,-169.180,0.000,-45.948,9.726,0.000,-74.336,2.624,24.970,128.794,0.000,0.345,pdb1vb3.ent_A_0001_0001,18
SCORE:,-1116.373,-1116.373,0.000,-2402.761,578.379,-758.138,4.133,82.060,254.663,1480.300,-73.416,-174.961,-84.609,-86.487,0.000,-35.944,24.829,0.000,-62.596,1.065,22.479,114.599,0.000,0.032,pdb1vh4.ent_A_0001_0001,37
SCORE:,-382.306,-382.306,-1.121,-916.106,227.328,-252.500,1.814,32.335,94.150,534.004,-20.933,-40.074,-15.594,-61.461,0.000,-18.796,6.518,0.000,-30.906,0.333,4.171,74.475,0.000,0.055,pdb1vhm.ent_A_0001_0001,57
SCORE:,-1071.810,-1071.810,0.000,-2185.803,485.711,-639.727,3.796,69.971,220.860,1268.093,-70.159,-114.592,-66.881,-106.270,0.000,-46.082,46.930,0.000,-82.088,2.551,-7.470,149.302,0.000,0.047,pdb1vlo.ent_A_0001_0001,101
SCORE:,-1154.925,-1154.925,0.000,-2510.212,538.643,-679.794,4.152,76.828,301.817,1425.426,-77.301,-80.567,-57.689,-158.657,0.000,-58.582,17.652,0.000,-84.202,2.537,3.880,180.630,0.000,0.514,pdb1w78.ent_A_0001_0001,85
SCORE:,-1233.812,-1233.812,0.000,-2749.723,630.850,-777.348,4.691,98.028,282.483,1686.977,-96.881,-89.191,-77.899,-169.310,0.000,-64.361,58.129,0.000,-91.696,1.422,-2.007,121.108,1.000,0.914,pdb1wl9.ent_A_0001_0001,75
SCORE:,-127.834,-127.834,0.000,-486.578,177.586,-133.186,1.397,20.665,63.337,288.239,-9.059,-48.681,-12.351,-9.552,0.000,-6.381,1.136,0.000,-27.131,0.265,-0.331,52.795,0.000,0.000,pdb1woc.ent_A_0001_0001,72
SCORE:,-553.954,-553.954,0.000,-1435.727,359.600,-384.959,2.951,48.969,166.712,816.835,-28.233,-43.418,-20.055,-111.943,0.000,-38.288,12.164,0.000,-42.230,2.418,43.426,97.567,0.000,0.260,pdb1wq5.ent_A_0001_0001,86
SCORE:,-216.363,-216.363,0.000,-532.026,132.785,-171.642,1.247,22.082,49.580,364.366,-14.760,-0.793,-18.764,-52.949,0.000,-11.652,6.956,0.000,-12.527,0.243,8.879,12.612,0.000,0.001,pdb1x6i.ent_A_0001_0001,101
SCORE:,-230.702,-230.702,0.000,-568.195,167.661,-164.337,1.173,23.335,69.203,345.916,-10.097,-28.160,-18.283,-31.561,0.000,-14.169,1.663,0.000,-15.744,0.860,-7.215,17.100,0.000,0.148,pdb1x8d.ent_A_0001_0001,94
SCORE:,-510.930,-510.930,0.000,-981.908,237.257,-293.045,1.868,36.811,100.192,590.075,-34.850,-41.520,-25.752,-60.335,0.000,-27.988,6.859,0.000,-34.265,0.527,-10.125,25.264,0.000,0.004,pdb1xeo.ent_A_0001_0001,67
SCORE:,-685.065,-685.065,0.000,-1682.975,445.115,-468.107,3.505,58.186,174.104,1098.699,-33.302,-4.439,-44.533,-182.420,0.000,-49.635,35.116,0.000,-37.590,1.077,-40.344,42.313,0.000,0.165,pdb1xnf.ent_A_0001_0001,56
SCORE:,-378.898,-378.898,0.000,-1017.504,275.257,-264.331,2.088,39.991,122.521,604.840,-33.306,-62.882,-11.828,-37.825,0.000,-29.219,19.059,0.000,-48.243,0.683,-4.195,65.991,0.000,0.007,pdb1xs1.ent_A_0001_0001,91
SCORE:,-304.938,-304.938,0.000,-826.094,238.823,-208.224,1.775,36.188,94.861,433.716,-26.359,-62.466,-17.699,-8.093,0.000,-18.572,23.470,0.000,-33.932,0.362,21.434,45.549,0.000,0.323,pdb1xsq.ent_A_0001_0001,96
SCORE:,-550.571,-550.571,0.000,-1303.777,334.403,-381.413,2.393,42.464,133.520,791.243,-45.693,-48.848,-26.574,-82.221,0.000,-33.456,32.551,0.000,-42.162,0.937,-6.659,82.530,0.000,0.192,pdb1xvi.ent_A_0001_0001,70
SCORE:,-964.287,-964.287,0.000,-2082.987,511.082,-612.172,3.630,72.394,250.115,1288.877,-69.196,-76.721,-68.815,-108.717,0.000,-53.677,9.977,0.000,-58.629,1.513,-5.423,34.280,0.000,0.181,pdb1ydy.ent_A_0001_0001,39
SCORE:,-797.162,-797.162,0.000,-1776.660,379.005,-487.409,2.930,56.698,185.161,1005.835,-74.652,-54.530,-32.736,-109.844,0.000,-39.826,58.103,0.000,-61.124,1.733,9.731,140.375,0.000,0.046,pdb1yoe.ent_A_0001_0001,81
SCORE:,-551.249,-551.249,0.000,-2313.068,659.461,-613.735,3.962,69.055,377.431,1290.707,-62.196,-99.664,-47.194,-119.860,0.000,-46.461,159.481,0.000,-77.509,18.983,63.633,185.725,0.000,0.000,pdb1yrr.ent_A_0001_0001,79
SCORE:,-1020.365,-1020.365,0.000,-2284.821,512.039,-593.122,4.179,77.614,264.537,1330.211,-68.152,-37.297,-44.120,-184.546,0.000,-60.695,6.097,0.000,-56.745,3.206,-15.332,126.539,0.000,0.042,pdb1yt3.ent_A_0001_0001,19
SCORE:,-691.817,-691.817,0.000,-1402.621,293.386,-389.599,2.310,43.335,140.915,785.488,-65.854,-69.280,-31.949,-66.131,0.000,-36.397,23.946,0.000,-48.170,2.068,16.765,109.735,0.000,0.236,pdb1z9t.ent_A_0001_0001,11
SCORE:,-975.100,-975.100,0.000,-2214.757,496.036,-608.554,3.687,66.240,266.233,1267.081,-87.378,-79.522,-34.203,-129.866,0.000,-53.206,39.861,0.000,-70.297,1.608,5.373,156.293,0.000,0.272,pdb1zmr.ent_A_0001_0001,100
SCORE:,-650.184,-650.184,0.000,-1648.022,413.250,-454.230,3.321,61.218,195.984,1010.571,-38.602,-41.065,-26.354,-128.660,0.000,-43.447,5.010,0.000,-44.488,1.070,-7.609,91.768,0.000,0.101,pdb1zp3.ent_A_0001_0001,26
SCORE:,-693.212,-693.212,0.000,-1581.975,363.782,-408.809,2.866,53.586,181.681,930.958,-46.528,-43.096,-31.289,-109.271,0.000,-42.745,10.693,0.000,-55.308,1.384,15.970,64.781,0.000,0.107,pdb1zzm.ent_A_0001_0001,13
SCORE:,-101.015,-101.015,0.000,-369.698,121.817,-121.052,0.978,19.893,31.040,293.454,-6.459,-10.336,-3.876,-39.580,0.000,-14.108,1.646,0.000,-13.037,0.242,-6.165,13.967,0.000,0.258,pdb2a6q.ent_A_0001_0001,84
SCORE:,-645.985,-645.985,0.000,-1563.052,404.947,-418.302,3.175,61.203,182.433,913.189,-47.060,-61.197,-32.807,-83.775,0.000,-44.609,8.543,0.000,-50.163,1.154,7.402,72.775,0.000,0.158,pdb2a9w.ent_A_0001_0001,6
SCORE:,-569.156,-569.156,0.000,-1135.816,212.552,-337.581,2.007,32.075,121.382,626.575,-37.299,-48.655,-24.612,-70.161,0.000,-20.289,22.607,0.000,-44.233,0.942,13.942,117.229,0.000,0.182,pdb2ab0.ent_A_0001_0001,56
SCORE:,-503.390,-503.390,0.000,-1227.061,283.682,-335.684,2.536,41.573,109.714,751.626,-47.159,-7.635,-22.485,-107.737,0.000,-34.908,28.172,0.000,-31.190,1.526,3.163,88.405,0.000,0.071,pdb2abk.ent_A_0001_0001,57
SCORE:,-460.032,-460.032,0.000,-974.636,239.086,-284.800,1.753,33.808,98.889,575.767,-33.108,-77.471,-26.144,-33.966,0.000,-18.776,28.822,0.000,-38.126,0.702,-5.415,53.327,0.000,0.254,pdb2aco.ent_A_0001_0001,52
SCORE:,22.714,22.714,0.000,-721.082,276.492,-134.631,2.126,33.867,143.772,434.813,-18.276,-33.073,-7.380,-19.117,0.000,-21.631,23.237,0.000,-17.692,0.372,40.806,40.034,0.000,0.077,pdb2air.ent_B_0001_0001,117
SCORE:,-404.651,-404.651,0.000,-854.567,174.643,-239.922,1.514,26.031,81.151,489.567,-21.035,-25.156,-13.121,-71.843,0.000,-21.371,19.325,0.000,-23.001,0.780,-4.698,77.050,0.000,0.003,pdb2ate.ent_A_0001_0001,105
SCORE:,-79.549,-79.549,0.000,-303.173,102.325,-83.249,0.892,15.921,28.779,186.136,-5.004,-27.813,-3.914,-4.415,0.000,-10.298,14.119,0.000,-24.100,0.076,-0.199,34.369,0.000,0.000,pdb2bh8.ent_A_0001_0001,92
SCORE:,-487.701,-487.701,0.000,-1007.094,234.363,-308.870,1.910,33.854,106.275,617.327,-45.778,-50.961,-23.147,-52.905,0.000,-24.449,4.322,0.000,-40.580,0.642,-7.183,74.343,0.000,0.229,pdb2bz1.ent_A_0001_0001,103
SCORE:,-659.628,-659.628,0.000,-1452.327,327.055,-371.349,2.736,42.492,166.997,792.114,-45.106,-56.411,-14.993,-80.724,0.000,-34.977,8.066,0.000,-57.121,1.099,-13.348,125.415,0.000,0.755,pdb2c4n.ent_A_0001_0001,7
SCORE:,-133.380,-133.380,0.000,-522.776,198.293,-126.769,1.254,23.367,65.529,305.483,-12.403,-15.621,-3.062,-37.539,0.000,-15.674,7.710,0.000,-14.241,0.911,5.997,6.140,0.000,0.020,pdb2cx6.ent_A_0001_0001,76
SCORE:,-627.235,-627.235,0.000,-1376.086,298.690,-346.616,2.448,46.283,145.860,763.123,-37.871,-64.671,-20.574,-74.727,0.000,-37.336,10.546,0.000,-49.878,2.504,15.028,95.907,1.000,0.137,pdb2cxa.ent_A_0001_0001,8
SCORE:,-397.093,-397.093,0.000,-1361.998,441.702,-387.043,3.358,51.289,185.942,863.706,-35.205,-57.894,-23.263,-83.982,0.000,-26.239,7.669,0.000,-44.915,0.452,0.790,68.263,0.000,0.275,pdb2d3w.ent_A_0001_0001,69
SCORE:,-1088.483,-1088.483,0.000,-2465.145,552.791,-653.746,4.200,84.269,290.189,1469.401,-97.080,-73.672,-49.430,-146.223,0.000,-61.814,15.981,0.000,-73.224,3.374,1.937,109.588,0.000,0.121,pdb2dbi.ent_A_0001_0001,28
SCORE:,-572.775,-572.775,0.000,-1540.585,415.708,-427.678,3.361,48.101,198.114,887.884,-46.754,-62.861,-25.040,-95.777,0.000,-36.020,10.203,0.000,-47.563,3.010,19.117,123.998,0.000,0.007,pdb2ddm.ent_B_0001_0001,11
SCORE:,-1075.585,-1075.585,0.000,-2630.062,649.660,-708.578,4.928,93.426,297.763,1577.474,-75.636,-75.170,-61.605,-179.554,0.000,-61.515,6.439,0.000,-75.038,4.236,16.697,140.300,0.000,0.651,pdb2dgk.ent_A_0001_0001,15
SCORE:,-516.317,-516.317,0.000,-1032.156,221.154,-284.342,2.155,30.863,125.909,574.828,-33.016,-46.992,-15.167,-52.586,0.000,-30.375,5.299,0.000,-38.923,1.661,-13.265,68.374,0.000,0.263,pdb2dy0.ent_A_0001_0001,89
SCORE:,-510.622,-510.622,0.000,-1637.706,448.961,-408.116,3.872,53.020,219.913,963.766,-37.800,-54.713,-33.629,-98.374,0.000,-39.247,27.632,0.000,-52.834,2.426,24.915,107.153,0.000,0.142,pdb2e3d.ent_A_0001_0001,86
SCORE:,-206.767,-206.767,0.000,-565.800,148.178,-137.253,1.235,25.171,57.604,370.482,-15.906,-8.351,-5.216,-54.694,0.000,-20.220,0.872,0.000,-16.831,0.201,-5.689,19.445,0.000,0.006,pdb2eby.ent_A_0001_0001,81
SCORE:,-926.639,-926.639,0.000,-2712.073,748.213,-757.989,5.115,97.245,322.630,1593.031,-76.796,-118.221,-57.907,-149.624,0.000,-56.703,74.381,0.000,-78.196,4.003,61.406,174.669,0.000,0.177,pdb2f00.ent_A_0001_0001,77
SCORE:,-242.642,-242.642,0.000,-841.543,272.226,-240.954,3.109,30.097,99.262,507.016,-18.748,-62.468,-18.356,-42.044,0.000,-20.522,41.627,0.000,-31.851,2.645,9.145,68.610,0.000,0.107,pdb2f1f.ent_A_0001_0001,15
SCORE:,-385.608,-385.608,0.000,-932.303,264.226,-269.437,1.500,32.586,92.761,569.027,-33.650,-51.944,-25.139,-39.104,0.000,-21.519,19.222,0.000,-34.679,0.290,-0.456,42.974,1.000,0.035,pdb2fkb.ent_A_0001_0001,19
SCORE:,-1034.010,-1034.010,0.000,-4203.759,1287.903,-1220.704,7.992,151.540,494.815,2863.114,-90.884,-81.152,-112.376,-349.691,0.000,-98.888,167.643,0.000,-91.659,4.585,108.660,128.078,0.000,0.772,pdb2fsh.ent_A_0001_0001,58
SCORE:,-410.043,-410.043,0.000,-965.458,210.684,-255.900,2.045,35.498,114.907,529.403,-32.053,-39.968,-10.692,-53.497,0.000,-29.221,35.882,0.000,-29.296,3.994,7.938,65.690,0.000,0.000,pdb2fsu.ent_A_0001_0001,49
SCORE:,-505.600,-505.600,0.000,-1083.831,246.035,-301.667,1.760,38.510,114.873,622.071,-31.054,-43.796,-16.174,-63.156,0.000,-28.676,21.443,0.000,-35.902,1.045,-8.411,61.298,0.000,0.031,pdb2gmw.ent_A_0001_0001,93
SCORE:,-856.651,-856.651,0.000,-1900.498,436.599,-518.153,3.720,60.987,225.163,1128.824,-49.935,-83.721,-43.698,-103.607,0.000,-49.099,6.931,0.000,-67.347,1.423,-0.745,96.389,0.000,0.116,pdb2gq1.ent_A_0001_0001,62
SCORE:,-670.588,-670.588,0.000,-1424.045,354.963,-448.956,2.672,48.075,169.170,886.562,-29.494,-77.442,-45.619,-73.855,0.000,-32.588,3.544,0.000,-44.593,0.935,-6.916,46.971,0.000,0.027,pdb2gqr.ent_A_0001_0001,50
SCORE:,-228.323,-228.323,0.000,-596.924,150.629,-152.053,1.094,21.044,72.999,343.366,-18.391,-33.049,-6.216,-28.878,0.000,-19.285,2.158,0.000,-23.229,0.719,13.290,44.389,0.000,0.016,pdb2h28.ent_A_0001_0001,83
SCORE:,-1077.752,-1077.752,0.000,-2234.259,439.460,-592.476,3.741,66.764,229.041,1250.711,-65.173,-95.283,-41.536,-120.081,0.000,-59.217,54.166,0.000,-63.247,2.395,22.667,123.896,0.000,0.678,pdb2hds.ent_A_0001_0001,26
SCORE:,-1192.748,-1192.748,0.000,-2325.876,491.405,-699.027,3.567,70.933,248.264,1398.185,-112.610,-174.858,-84.121,-53.968,0.000,-47.241,58.017,0.000,-101.894,2.215,9.082,125.123,0.000,0.055,pdb2hqs.ent_A_0001_0001,32
SCORE:,-365.044,-365.044,0.000,-783.797,172.259,-223.717,1.424,26.114,85.509,491.863,-26.003,-32.294,-15.016,-53.980,0.000,-19.295,3.651,0.000,-32.460,0.887,-14.880,54.611,0.000,0.076,pdb2hur.ent_A_0001_0001,65
SCORE:,-400.351,-400.351,0.000,-1702.354,634.926,-450.856,3.599,66.998,213.887,1011.355,-34.012,-75.952,-30.198,-95.051,0.000,-47.126,61.656,0.000,-46.491,2.663,20.682,65.886,0.000,0.037,pdb2i06.ent_A_0001_0001,5
SCORE:,-584.342,-584.342,0.000,-1284.712,298.690,-348.059,2.346,48.446,155.289,749.143,-45.665,-78.646,-41.184,-37.897,0.000,-23.972,7.312,0.000,-51.461,1.951,14.124,49.825,0.000,0.128,pdb2i82.ent_A_0001_0001,44
SCORE:,-579.955,-579.955,0.000,-1216.844,289.732,-344.111,2.058,44.387,124.451,686.738,-52.972,-64.009,-35.303,-46.142,0.000,-25.243,25.910,0.000,-40.613,1.759,19.919,50.136,0.000,0.192,pdb2icu.ent_A_0001_0001,20
SCORE:,-1854.204,-1854.203,0.000,-5153.348,1302.309,-1376.891,9.306,177.918,664.555,3206.189,-167.725,-124.023,-128.554,-305.238,0.000,-129.121,37.401,0.000,-120.547,3.214,48.398,201.110,0.000,0.840,pdb2iea.ent_A_0001_0001,16
SCORE:,-482.433,-482.433,0.000,-1081.460,257.303,-316.622,2.052,41.885,116.961,693.983,-40.943,-28.937,-25.931,-71.011,0.000,-27.980,3.525,0.000,-29.777,1.061,-18.236,41.619,0.000,0.074,pdb2igi.ent_A_0001_0001,104
SCORE:,-1439.193,-1439.193,0.000,-3568.181,976.302,-939.097,7.205,130.001,441.020,2028.360,-122.337,-133.229,-89.626,-167.941,0.000,-83.509,24.488,0.000,-121.352,2.971,-0.402,175.599,0.000,0.535,pdb2iob.ent_B_0001_0001,50
SCORE:,-952.184,-952.184,0.000,-2904.305,762.794,-791.848,5.709,91.497,365.302,1697.187,-83.438,-105.268,-62.931,-162.270,0.000,-70.662,130.365,0.000,-73.463,19.808,30.639,198.593,0.000,0.108,pdb2itm.ent_A_0001_0001,10
SCORE:,-1064.849,-1064.849,0.000,-2303.624,513.918,-649.135,3.922,78.342,224.674,1371.267,-70.588,-69.630,-54.453,-149.136,0.000,-54.494,48.817,0.000,-62.291,1.513,-1.066,106.817,0.000,0.298,pdb2iw1.ent_A_0001_0001,30
SCORE:,-1171.694,-1171.694,0.000,-3279.570,826.601,-842.171,5.809,107.019,388.893,1891.827,-106.175,-90.711,-68.645,-197.713,0.000,-84.422,104.748,0.000,-102.421,3.300,50.470,221.321,0.000,0.145,pdb2jlc.ent_A_0001_0001,4
SCORE:,-470.422,-470.422,0.000,-928.912,204.387,-257.916,1.642,29.161,100.581,531.895,-37.588,-51.786,-17.510,-40.034,0.000,-23.321,4.783,0.000,-39.671,0.419,-2.448,55.843,1.000,0.056,pdb2nul.ent_A_0001_0001,64
SCORE:,-336.866,-336.866,0.000,-855.363,242.107,-240.678,1.653,31.767,87.701,508.752,-28.453,-43.769,-32.104,-31.326,0.000,-18.126,16.832,0.000,-18.637,0.416,-6.224,48.513,0.000,0.074,pdb2o1c.ent_A_0001_0001,53
SCORE:,-290.032,-290.032,0.000,-606.752,140.568,-188.376,1.323,22.469,67.043,344.782,-18.217,-36.179,-20.833,-34.046,0.000,-11.154,15.867,0.000,-18.255,0.507,-7.536,58.757,0.000,0.000,pdb2o90.ent_A_0001_0001,111
SCORE:,-1.079,-1.079,0.000,-787.219,288.725,-163.989,2.058,27.020,157.212,471.979,-9.619,-24.063,-4.823,-51.049,0.000,-21.668,31.362,0.000,-16.650,2.633,39.045,57.928,0.000,0.037,pdb2oug.ent_A_0001_0001,44
SCORE:,-317.708,-317.708,0.000,-1658.316,605.578,-447.331,3.533,67.374,211.292,1011.414,-27.985,-75.231,-34.138,-103.327,0.000,-41.383,77.964,0.000,-44.343,3.202,53.488,80.458,0.000,0.043,pdb2owl.ent_A_0001_0001,80
SCORE:,-881.662,-881.662,0.000,-1902.585,436.690,-525.999,3.300,62.583,204.560,1121.672,-69.774,-70.864,-40.302,-94.845,0.000,-41.625,14.217,0.000,-72.567,2.098,-10.021,101.429,0.000,0.371,pdb2p2d.ent_A_0001_0001,86
SCORE:,-701.718,-701.718,0.000,-1901.499,510.564,-515.569,3.890,65.142,243.897,1089.239,-51.948,-85.776,-39.573,-102.897,0.000,-44.182,14.945,0.000,-64.750,3.024,43.486,130.155,0.000,0.136,pdb2pjd.ent_A_0001_0001,43
SCORE:,-1340.834,-1340.834,0.000,-2580.432,503.017,-725.091,4.404,75.850,270.321,1436.674,-64.144,-135.436,-61.931,-132.254,0.000,-63.144,13.524,0.000,-88.101,2.604,9.371,193.601,0.000,0.331,pdb2pq9.ent_A_0001_0001,61
SCORE:,-659.583,-659.583,-5.404,-1430.359,307.054,-396.398,2.460,52.054,162.003,900.285,-45.342,-51.363,-26.625,-87.530,0.000,-36.187,4.726,0.000,-50.987,1.772,-24.752,64.558,0.000,0.453,pdb2pqx.ent_A_0001_0001,32
SCORE:,-1405.690,-1405.690,0.000,-3233.032,705.550,-934.967,5.567,101.426,340.539,1929.236,-109.229,-104.756,-59.848,-201.686,0.000,-83.299,82.988,0.000,-90.765,3.110,10.786,232.432,0.000,0.259,pdb2q27.ent_A_0001_0001,22
SCORE:,-791.175,-791.175,0.000,-1551.802,311.662,-522.025,2.535,48.913,172.484,922.385,-65.380,-114.014,-30.866,-54.970,0.000,-16.951,29.331,0.000,-57.682,0.996,-2.424,136.497,0.000,0.135,pdb2qia.ent_A_0001_0001,22
SCORE:,-1171.325,-1171.325,0.000,-3001.372,831.197,-912.648,5.332,103.487,326.009,1848.885,-107.864,-120.723,-106.551,-163.375,0.000,-56.540,76.536,0.000,-93.130,2.931,37.693,158.261,0.000,0.547,pdb2r4e.ent_A_0001_0001,48
SCORE:,-1080.786,-1080.786,0.000,-2675.386,645.872,-818.794,4.046,96.485,286.260,1801.945,-91.907,-32.173,-78.912,-217.234,0.000,-69.924,47.274,0.000,-64.730,2.158,14.055,69.976,0.000,0.204,pdb2rdz.ent_A_0001_0001,25
SCORE:,-1129.798,-1129.798,0.000,-2721.903,615.297,-767.102,4.867,89.888,347.943,1646.952,-76.204,-51.484,-76.811,-198.538,0.000,-60.046,12.088,0.000,-72.124,2.544,17.769,156.812,0.000,0.255,pdb2rgk.ent_A_0001_0001,18
SCORE:,-310.501,-310.501,0.000,-858.983,245.312,-245.358,1.794,34.343,92.546,523.576,-16.699,-39.706,-29.664,-49.070,0.000,-24.296,4.120,0.000,-16.674,0.664,19.493,48.003,0.000,0.100,pdb2rn2.ent_A_0001_0001,73
SCORE:,-272.387,-272.387,-0.983,-568.741,151.615,-175.354,1.110,17.465,55.544,322.191,-15.414,-27.970,-11.441,-31.675,0.000,-12.405,5.804,0.000,-23.444,0.585,0.028,40.697,0.000,0.001,pdb2trx.ent_A_0001_0001,89
SCORE:,-1008.453,-1008.453,0.000,-1887.761,386.817,-545.568,3.214,60.831,201.286,1059.561,-59.820,-143.642,-33.360,-68.150,0.000,-54.772,55.294,0.000,-94.515,1.206,0.116,110.677,0.000,0.134,pdb2uvk.ent_A_0001_0001,76
SCORE:,-849.278,-849.278,-0.915,-1813.316,378.408,-540.424,2.933,55.166,182.476,1119.444,-51.757,-63.059,-44.009,-126.132,0.000,-40.724,35.970,0.000,-49.665,1.642,25.931,78.739,0.000,0.015,pdb2vk2.ent_A_0001_0001,90
SCORE:,-633.488,-633.488,0.000,-1461.928,318.648,-405.456,2.492,42.474,149.343,876.008,-46.608,-53.367,-22.684,-99.440,0.000,-42.471,32.588,0.000,-41.850,1.335,9.390,107.946,0.000,0.092,pdb2vws.ent_C_0001_0001,7
SCORE:,-1856.825,-1856.825,0.000,-4549.792,1107.914,-1250.743,7.650,151.868,504.337,2790.143,-164.076,-127.025,-80.540,-296.310,0.000,-119.911,110.082,0.000,-142.469,4.746,-35.321,231.606,0.000,1.014,pdb2vyc.ent_A_0001_0001,31
SCORE:,-259.713,-259.713,0.000,-628.761,167.008,-166.488,1.250,25.671,67.544,365.707,-8.601,-19.227,-9.737,-49.119,0.000,-19.256,13.960,0.000,-24.270,0.465,-2.081,26.123,0.000,0.098,pdb2wci.ent_A_0001_0001,91
SCORE:,-310.163,-310.163,0.000,-768.028,201.618,-221.691,1.630,24.028,94.769,425.541,-26.393,-28.269,-22.086,-38.137,0.000,-12.882,14.642,0.000,-29.083,2.734,17.462,53.942,0.000,0.039,pdb2wcv.ent_A_0001_0001,105
SCORE:,-826.128,-826.128,0.000,-2589.933,654.101,-652.232,5.515,81.916,343.336,1509.888,-76.879,-80.557,-46.474,-142.465,0.000,-67.023,127.000,0.000,-82.303,4.253,39.047,146.574,0.000,0.108,pdb2wiu.ent_A_0001_0001,4
SCORE:,-1483.713,-1483.713,0.000,-4060.254,1099.950,-1102.105,7.666,146.168,549.403,2430.292,-172.057,-141.417,-107.928,-167.086,0.000,-91.758,23.307,0.000,-136.990,7.251,36.330,195.240,0.000,0.275,pdb2wsk.ent_A_0001_0001,20
SCORE:,-750.220,-750.220,0.000,-1712.163,409.027,-468.052,3.069,53.388,174.631,987.619,-37.897,-59.355,-35.037,-116.322,0.000,-45.104,34.335,0.000,-55.251,2.161,28.462,85.638,0.000,0.629,pdb2x26.ent_A_0001_0001,76
SCORE:,-683.648,-683.648,-1.112,-1837.365,510.829,-552.902,3.645,68.553,206.436,1079.147,-69.135,-92.257,-39.795,-106.317,0.000,-34.802,53.484,0.000,-64.485,0.780,23.888,167.739,0.000,0.020,pdb2x5j.ent_O_0001_0001,32
SCORE:,-1816.269,-1816.269,0.000,-4596.541,1210.787,-1288.186,8.006,150.434,500.451,2774.901,-162.003,-105.801,-127.566,-305.059,0.000,-94.741,111.667,0.000,-116.563,2.376,15.209,205.084,1.000,1.276,pdb2xap.ent_A_0001_0001,63
SCORE:,-1193.257,-1193.257,0.000,-3049.779,748.153,-830.829,5.756,106.653,379.157,1832.517,-88.217,-83.759,-80.014,-176.801,0.000,-70.484,63.714,0.000,-86.912,1.643,3.466,131.471,0.000,1.009,pdb2xhy.ent_A_0001_0001,70
SCORE:,-404.561,-404.561,0.000,-1004.169,256.230,-281.943,1.850,38.439,85.429,701.962,-14.645,-6.416,-29.002,-125.542,0.000,-29.223,15.294,0.000,-15.732,0.056,-12.563,15.333,0.000,0.079,pdb2y3q.ent_A_0001_0001,96
SCORE:,-945.270,-945.270,0.000,-2135.793,553.207,-610.561,3.676,77.838,220.044,1301.248,-92.238,-95.069,-55.780,-94.973,0.000,-56.128,53.117,0.000,-90.441,2.739,-16.730,90.375,0.000,0.198,pdb2y4d.ent_A_0001_0001,34
SCORE:,-466.831,-466.831,0.000,-1135.326,267.461,-288.083,1.949,38.134,122.516,679.318,-38.859,-10.027,-8.011,-107.253,0.000,-33.801,22.062,0.000,-35.864,1.697,11.985,45.191,0.000,0.081,pdb2y8p.ent_A_0001_0001,16
SCORE:,-455.418,-455.418,0.000,-1099.902,245.527,-324.718,2.001,36.287,112.394,704.355,-22.628,-27.353,-21.965,-99.171,0.000,-32.977,3.317,0.000,-33.851,0.754,6.958,95.518,0.000,0.034,pdb2yva.ent_A_0001_0001,70
SCORE:,-734.719,-734.719,0.000,-1575.354,320.735,-435.765,2.668,45.151,201.654,922.336,-56.764,-45.125,-27.841,-110.965,0.000,-40.586,2.417,0.000,-47.147,0.474,-19.113,128.064,0.000,0.441,pdb2zcu.ent_A_0001_0001,106
SCORE:,-904.758,-904.758,0.000,-3955.607,1243.684,-1029.780,8.945,131.598,786.847,2343.275,-114.777,-124.968,-48.624,-233.687,0.000,-101.920,30.191,0.000,-119.844,4.751,30.273,244.822,0.000,0.065,pdb2zpa.ent_A_0001_0001,6
SCORE:,-658.497,-658.497,0.000,-1807.130,513.976,-496.527,3.704,59.304,229.145,1101.489,-54.633,-72.449,-35.908,-104.910,0.000,-43.563,12.546,0.000,-58.064,1.640,9.636,83.061,0.000,0.186,pdb3a5y.ent_A_0001_0001,66
SCORE:,-168.249,-168.249,0.000,-663.571,245.953,-177.976,1.558,28.747,89.146,382.076,-10.191,-53.622,-8.888,-16.017,0.000,-15.837,4.352,0.000,-21.767,0.941,10.003,36.743,0.000,0.099,pdb3a5z.ent_B_0001_0001,109
SCORE:,-280.251,-280.251,0.000,-723.080,215.845,-199.027,1.952,31.435,89.827,419.562,-18.593,-50.175,-15.598,-25.929,0.000,-16.671,2.446,0.000,-25.592,0.520,19.507,13.290,0.000,0.030,pdb3a6s.ent_A_0001_0001,108
SCORE:,-891.716,-891.716,0.000,-1985.206,486.007,-605.255,3.560,70.347,205.772,1225.438,-69.863,-100.092,-60.455,-110.890,0.000,-38.184,57.710,0.000,-56.530,1.296,-16.749,101.230,0.000,0.149,pdb3a7r.ent_A_0001_0001,37
SCORE:,-401.398,-401.398,0.000,-1402.055,397.956,-391.829,2.827,48.947,175.765,883.762,-39.468,-42.078,-20.060,-88.052,0.000,-36.663,37.438,0.000,-37.653,1.751,1.208,106.515,0.000,0.291,pdb3abq.ent_B_0001_0001,17
SCORE:,-531.682,-531.682,0.000,-1250.241,271.265,-343.687,2.391,44.165,138.760,742.712,-35.725,-36.364,-25.803,-89.678,0.000,-28.066,4.038,0.000,-42.133,0.616,6.397,109.666,0.000,0.007,pdb3asu.ent_A_0001_0001,15
SCORE:,-230.234,-230.234,0.000,-570.722,170.477,-140.152,1.210,24.247,63.793,317.823,-16.311,-42.129,-9.112,-10.338,0.000,-15.831,3.477,0.000,-25.493,1.089,-7.524,25.244,0.000,0.017,pdb3bb6.ent_A_0001_0001,97
SCORE:,38.286,38.286,0.000,-1188.173,518.917,-272.929,2.572,53.377,184.901,769.506,-14.643,-3.826,-9.403,-105.144,0.000,-28.592,52.278,0.000,-17.896,1.196,28.557,67.375,0.000,0.213,pdb3bcg.ent_A_0001_0001,52
SCORE:,-304.434,-304.434,0.000,-971.220,276.483,-261.264,2.403,39.557,123.409,595.305,-23.900,-29.174,-17.572,-70.492,0.000,-27.318,9.308,0.000,-34.067,1.826,22.437,59.833,0.000,0.011,pdb3bm1.ent_A_0001_0001,99
SCORE:,-364.884,-364.884,0.000,-764.240,181.489,-199.969,1.473,24.490,82.721,442.804,-22.692,-37.688,-13.290,-38.992,0.000,-19.022,1.584,0.000,-29.418,0.312,-14.922,40.455,0.000,0.020,pdb3bmb.ent_A_0001_0001,95
SCORE:,-835.298,-835.298,0.000,-2607.545,803.035,-764.677,4.858,89.262,312.827,1596.176,-66.998,-147.110,-76.794,-137.544,0.000,-54.333,92.347,0.000,-70.510,3.868,58.712,129.028,0.000,0.100,pdb3bzm.ent_A_0001_0001,50
SCORE:,-1015.074,-1015.074,0.000,-2270.478,473.320,-617.105,3.844,69.772,241.784,1312.995,-79.044,-56.111,-52.597,-155.781,0.000,-51.711,44.280,0.000,-60.761,2.494,17.170,162.533,0.000,0.324,pdb3c3j.ent_A_0001_0001,71
SCORE:,-714.610,-714.610,0.000,-1686.545,377.910,-471.511,2.878,61.497,174.602,1038.102,-46.296,-34.304,-36.651,-115.141,0.000,-52.389,29.274,0.000,-47.000,2.137,8.405,80.185,0.000,0.236,pdb3c8e.ent_A_0001_0001,49
SCORE:,-440.181,-440.181,0.000,-1454.228,434.319,-395.889,3.046,57.158,184.573,902.172,-43.160,-57.439,-19.793,-79.551,0.000,-26.495,5.684,0.000,-46.980,0.363,5.582,90.152,0.000,0.307,pdb3c8f.ent_A_0001_0001,95
SCORE:,-674.510,-674.510,0.000,-1537.745,376.783,-436.052,2.920,55.702,153.806,899.002,-60.352,-35.814,-36.148,-101.597,0.000,-36.133,27.659,0.000,-53.794,2.277,5.395,99.476,0.000,0.106,pdb3ca8.ent_A_0001_0001,24
SCORE:,-699.872,-699.872,0.000,-1766.341,414.728,-497.503,2.967,55.011,261.353,1011.663,-37.183,-74.081,-19.485,-109.837,0.000,-38.613,48.607,0.000,-66.911,1.655,-7.555,121.398,0.000,0.254,pdb3cqd.ent_A_0001_0001,84
SCORE:,-655.758,-655.758,0.000,-1781.210,416.724,-484.107,3.436,55.506,225.178,1059.752,-51.229,-52.557,-38.596,-102.036,0.000,-39.214,36.355,0.000,-46.426,1.583,28.855,111.914,1.000,0.314,pdb3csu.ent_A_0001_0001,79
SCORE:,-527.816,-527.816,0.000,-1358.152,366.393,-366.740,2.766,45.634,193.342,774.095,-29.444,-53.395,-24.060,-80.126,0.000,-35.596,11.293,0.000,-44.560,1.015,-4.902,74.513,0.000,0.107,pdb3ctl.ent_A_0001_0001,76
SCORE:,-814.229,-814.229,0.000,-2037.818,565.342,-563.559,4.149,72.416,266.286,1150.027,-49.772,-150.797,-35.090,-84.391,0.000,-34.216,8.056,0.000,-68.269,2.998,27.726,112.637,0.000,0.047,pdb3d1g.ent_A_0001_0001,16
SCORE:,-587.737,-587.737,0.000,-1467.594,377.887,-388.873,2.624,52.322,161.755,874.904,-47.131,-42.125,-27.014,-85.740,0.000,-36.791,38.299,0.000,-61.387,2.113,7.205,51.551,0.000,0.258,pdb3d2y.ent_A_0001_0001,19
SCORE:,-1309.199,-1309.199,-1.091,-3304.916,780.577,-948.935,5.820,112.938,336.028,2047.040,-95.925,-62.581,-85.473,-277.291,0.000,-87.412,58.505,0.000,-75.665,1.621,61.727,225.725,0.000,0.110,pdb3djl.ent_A_0001_0001,2
SCORE:,-742.613,-742.613,0.000,-1758.063,376.571,-517.274,2.987,51.002,190.707,1051.798,-44.586,-58.344,-40.506,-130.051,0.000,-40.651,57.228,0.000,-45.881,2.458,21.862,137.981,0.000,0.150,pdb3edc.ent_A_0001_0001,32
SCORE:,-539.735,-539.735,0.000,-1460.124,340.327,-318.348,2.615,50.164,137.773,872.018,-47.735,-38.238,-25.861,-99.962,0.000,-36.539,32.123,0.000,-40.644,0.986,4.772,86.874,1.000,0.062,pdb3f1l.ent_A_0001_0001,60
SCORE:,-872.530,-872.530,0.000,-2022.041,539.242,-590.513,3.922,68.327,236.450,1254.960,-69.691,-98.908,-42.947,-105.747,0.000,-45.712,9.106,0.000,-75.651,2.942,-21.395,84.485,0.000,0.640,pdb3f4l.ent_A_0001_0001,65
SCORE:,-490.799,-490.799,-0.399,-1070.859,275.156,-295.847,2.059,40.674,115.803,637.003,-42.196,-44.332,-22.343,-61.536,0.000,-25.489,5.473,0.000,-37.970,0.497,-15.652,49.105,0.000,0.054,pdb3ffv.ent_A_0001_0001,59
SCORE:,-658.824,-658.824,0.000,-1743.295,485.841,-466.972,3.256,59.789,184.576,1069.127,-40.275,-36.104,-28.272,-145.700,0.000,-47.933,35.283,0.000,-57.775,1.153,-25.348,93.708,0.000,0.116,pdb3foz.ent_A_0001_0001,23
SCORE:,-127.267,-127.267,0.000,-455.484,119.261,-119.625,0.896,15.983,51.369,290.293,-14.739,-9.850,-9.800,-32.402,0.000,-13.152,21.503,0.000,-11.574,0.185,-1.218,41.081,0.000,0.005,pdb3g27.ent_A_0001_0001,98
SCORE:,-229.099,-229.099,0.000,-1154.684,367.049,-297.102,3.168,35.109,193.735,661.389,-23.758,-54.889,-10.647,-65.736,0.000,-27.750,34.766,0.000,-37.449,6.888,38.802,101.951,0.000,0.059,pdb3gfh.ent_A_0001_0001,20
SCORE:,-565.506,-565.506,0.000,-1522.441,391.263,-403.287,3.097,55.864,166.144,899.305,-38.675,-45.287,-31.256,-108.235,0.000,-39.386,35.238,0.000,-54.962,1.508,-1.470,126.857,0.000,0.217,pdb3glc.ent_A_0001_0001,34
SCORE:,-695.123,-695.123,0.000,-2318.437,689.478,-643.301,4.225,76.910,337.387,1429.598,-112.100,-143.946,-69.546,-45.187,0.000,-41.084,75.435,0.000,-85.515,18.911,22.885,109.164,0.000,0.000,pdb3grh.ent_A_0001_0001,71
SCORE:,-198.144,-198.144,0.000,-522.876,144.761,-139.575,1.083,19.233,57.120,306.916,-15.687,-27.022,-3.694,-29.151,0.000,-15.314,12.389,0.000,-19.195,0.177,-12.182,44.851,0.000,0.023,pdb3hi2.ent_B_0001_0001,74
SCORE:,-730.555,-730.555,0.000,-1590.615,350.212,-422.395,2.459,52.933,158.822,884.085,-30.085,-66.885,-27.056,-103.238,0.000,-42.270,21.697,0.000,-49.682,1.519,7.022,122.894,0.000,0.027,pdb3htv.ent_A_0001_0001,31
SCORE:,-716.946,-716.946,0.000,-2253.591,623.558,-604.210,4.224,77.925,313.273,1350.371,-51.173,-114.296,-40.275,-108.059,0.000,-52.451,79.255,0.000,-80.217,4.835,32.245,101.619,0.000,0.021,pdb3hwo.ent_A_0001_0001,44
SCORE:,-589.401,-589.401,0.000,-1173.013,263.026,-328.728,2.045,40.199,125.559,676.488,-47.732,-78.347,-23.109,-46.325,0.000,-23.344,8.505,0.000,-51.559,1.804,-2.644,67.573,0.000,0.202,pdb3i3q.ent_A_0001_0001,18
SCORE:,-250.711,-250.711,0.000,-547.396,103.470,-150.199,1.069,18.349,58.208,285.467,-5.879,-34.084,-9.008,-32.438,0.000,-12.168,13.220,0.000,-16.366,0.476,11.727,64.783,0.000,0.057,pdb3i96.ent_A_0001_0001,93
SCORE:,-1053.138,-1053.138,0.000,-2433.322,584.463,-690.124,4.115,84.277,259.416,1496.584,-87.232,-91.688,-68.625,-122.833,0.000,-63.610,52.343,0.000,-94.768,3.191,17.569,96.310,0.000,0.799,pdb3ipo.ent_A_0001_0001,41
SCORE:,-359.128,-359.128,0.000,-927.590,284.993,-267.902,2.103,34.059,106.951,553.362,-26.387,-68.379,-16.415,-45.128,0.000,-20.811,28.260,0.000,-33.181,0.663,5.142,30.974,0.000,0.159,pdb3l6i.ent_A_0001_0001,45
SCORE:,-768.278,-768.278,0.000,-1942.158,501.979,-558.800,3.773,71.870,214.070,1184.171,-34.695,-65.896,-43.449,-155.265,0.000,-51.852,49.345,0.000,-63.361,1.411,-5.455,125.601,0.000,0.433,pdb3l9w.ent_A_0001_0001,34
SCORE:,-519.648,-519.648,0.000,-1232.947,309.280,-332.306,2.280,43.980,142.481,692.572,-36.755,-54.148,-21.620,-65.543,0.000,-26.342,28.997,0.000,-49.006,1.065,-1.955,80.290,0.000,0.029,pdb3lbf.ent_A_0001_0001,15
SCORE:,-911.613,-911.613,0.000,-1829.730,371.402,-529.441,3.088,54.754,181.915,1096.147,-64.106,-43.534,-39.008,-149.325,0.000,-40.076,15.342,0.000,-50.277,1.407,-8.983,118.378,0.000,0.434,pdb3lbm.ent_A_0001_0001,16
SCORE:,-768.183,-768.183,0.000,-3652.265,1155.857,-961.420,10.103,134.311,583.898,2244.193,-137.290,-165.299,-102.641,-133.445,0.000,-75.461,163.107,0.000,-112.741,12.328,69.792,197.894,0.000,0.897,pdb3lpf.ent_A_0001_0001,46
SCORE:,-94.551,-94.551,0.000,-415.170,125.291,-124.751,0.907,15.205,59.991,265.067,-8.823,-21.281,-5.747,-23.007,0.000,-9.845,12.567,0.000,-13.778,1.008,23.025,24.567,0.000,0.223,pdb3lvk.ent_B_0001_0001,97
SCORE:,-291.803,-291.803,0.000,-667.413,184.223,-219.890,1.320,25.092,69.352,410.128,-18.135,-83.793,-22.140,-8.166,0.000,-9.713,16.232,0.000,-24.388,0.155,16.033,38.942,0.000,0.359,pdb3my2.ent_A_0001_0001,51
SCORE:,-783.111,-783.111,0.000,-1839.780,403.508,-510.031,3.080,55.371,190.006,1165.120,-31.579,-7.322,-37.020,-198.334,0.000,-56.697,33.581,0.000,-31.562,1.579,0.001,76.553,1.000,0.417,pdb3n37.ent_A_0001_0001,32
SCORE:,-222.379,-222.379,0.000,-718.623,224.269,-181.012,1.401,28.298,85.057,421.244,-25.661,-24.839,-9.209,-43.506,0.000,-21.065,17.668,0.000,-30.108,0.982,12.143,40.404,0.000,0.178,pdb3n3a.ent_C_0001_0001,101
SCORE:,-885.977,-885.977,0.000,-1933.539,437.939,-534.565,3.338,63.487,193.600,1168.067,-60.151,-58.726,-55.397,-130.326,0.000,-56.914,45.475,0.000,-53.588,1.551,-4.888,87.793,0.000,0.868,pdb3n6q.ent_D_0001_0001,13
SCORE:,-1895.412,-1895.412,0.000,-4291.762,964.515,-1176.353,7.735,142.377,447.352,2542.444,-110.455,-127.638,-82.051,-282.574,0.000,-121.711,121.236,0.000,-136.517,3.352,-21.296,225.475,1.000,0.457,pdb3n75.ent_A_0001_0001,5
SCORE:,-863.473,-863.473,0.000,-1722.728,417.519,-474.644,2.859,57.693,181.012,935.942,-67.245,-139.519,-42.680,-29.318,0.000,-29.992,38.455,0.000,-70.211,2.120,1.091,75.674,0.000,0.500,pdb3nre.ent_A_0001_0001,39
SCORE:,-298.227,-298.227,0.000,-945.046,318.313,-264.650,2.173,37.376,104.093,553.595,-19.452,-65.716,-23.068,-35.042,0.000,-22.922,31.382,0.000,-35.314,0.327,13.051,52.568,0.000,0.107,pdb3o52.ent_A_0001_0001,73
SCORE:,108.085,108.085,0.000,-2213.432,994.634,-557.503,4.971,83.516,459.213,1443.940,-39.302,-35.209,-25.232,-182.710,0.000,-58.246,105.716,0.000,-54.834,24.243,33.032,125.286,0.000,0.000,pdb3pvs.ent_A_0001_0001,92
SCORE:,-510.661,-510.661,0.000,-1280.235,335.809,-371.153,2.347,50.475,129.868,815.504,-34.441,-39.510,-28.178,-104.491,0.000,-36.008,23.605,0.000,-37.813,0.472,-12.127,75.205,0.000,0.012,pdb3qas.ent_A_0001_0001,67
SCORE:,-182.744,-182.744,0.000,-539.801,175.464,-157.252,1.156,22.317,59.099,351.798,-9.479,-35.687,-8.877,-32.914,0.000,-16.831,9.118,0.000,-11.230,0.389,-2.891,12.861,0.000,0.018,pdb3qmq.ent_A_0001_0001,77
SCORE:,-228.620,-228.620,0.000,-627.288,173.494,-174.041,1.275,23.588,68.938,357.881,-19.670,-31.568,-11.043,-29.174,0.000,-15.556,16.653,0.000,-25.406,1.098,14.481,47.640,0.000,0.079,pdb3qn0.ent_A_0001_0001,91
SCORE:,-985.159,-985.159,0.000,-2177.673,477.952,-596.750,3.574,72.510,230.630,1326.491,-68.568,-43.985,-53.919,-157.785,0.000,-58.104,43.023,0.000,-56.662,1.819,0.057,71.628,0.000,0.603,pdb3qxf.ent_A_0001_0001,6
SCORE:,-539.114,-539.114,0.000,-1190.035,252.524,-317.410,2.203,42.899,120.474,732.582,-33.976,-20.170,-17.899,-110.537,0.000,-36.078,21.144,0.000,-33.371,1.998,-21.205,67.725,0.000,0.016,pdb3r2q.ent_A_0001_0001,71
SCORE:,-831.172,-831.172,0.000,-2026.860,519.442,-567.437,3.525,67.546,223.271,1193.223,-80.625,-70.391,-51.883,-116.861,0.000,-41.502,46.975,0.000,-57.056,1.765,9.693,115.918,0.000,0.086,pdb3rfa.ent_A_0001_0001,60
SCORE:,-249.313,-249.313,0.000,-529.533,120.079,-137.948,0.918,18.359,52.809,293.985,-15.626,-20.565,-6.908,-34.170,0.000,-12.364,9.449,0.000,-18.134,0.682,-8.132,37.788,0.000,0.001,pdb3sxu.ent_B_0001_0001,32
SCORE:,-1457.245,-1457.245,-1.098,-3148.993,723.175,-879.688,5.465,106.998,333.596,1907.323,-109.099,-114.558,-78.309,-181.193,0.000,-84.748,61.335,0.000,-88.934,3.086,-23.605,111.099,0.000,0.904,pdb3tch.ent_A_0001_0001,74
SCORE:,-521.293,-521.293,0.000,-1427.255,374.491,-351.409,2.980,52.655,175.010,799.052,-35.432,-53.478,-12.571,-87.634,0.000,-43.114,24.099,0.000,-49.572,1.493,14.489,94.863,0.000,0.038,pdb3tlq.ent_A_0001_0001,17
SCORE:,-468.006,-468.006,0.000,-1744.910,446.043,-445.794,3.473,55.939,258.482,1012.024,-33.614,-82.630,-17.233,-99.842,0.000,-40.268,79.948,0.000,-47.740,2.471,39.635,145.576,0.000,0.432,pdb3u0o.ent_A_0001_0001,62
SCORE:,-1646.808,-1646.808,0.000,-3683.108,767.712,-1007.460,5.694,117.159,394.172,2218.382,-128.938,-102.971,-106.173,-249.165,0.000,-85.580,64.722,0.000,-113.081,2.338,40.509,218.571,0.000,0.409,pdb3uqy.ent_L_0001_0001,9
SCORE:,-822.177,-822.177,0.000,-1838.179,450.738,-538.072,3.567,63.974,208.826,1100.021,-79.915,-173.501,-44.554,-14.419,0.000,-43.553,11.259,0.000,-64.133,1.419,29.239,104.885,0.000,0.223,pdb3vgz.ent_A_0001_0001,65
SCORE:,-661.126,-661.126,0.000,-1431.942,325.131,-384.998,2.417,51.242,143.075,840.415,-40.602,-40.691,-30.477,-104.067,0.000,-41.214,25.306,0.000,-50.267,1.655,-2.355,76.192,0.000,0.055,pdb3zdb.ent_A_0001_0001,30
SCORE:,-707.919,-707.919,0.000,-2030.537,533.112,-542.377,4.002,67.222,267.360,1140.294,-45.709,-91.043,-35.104,-99.345,0.000,-45.440,43.258,0.000,-63.587,3.136,20.927,165.572,0.000,0.341,pdb4a2c.ent_B_0001_0001,54
SCORE:,-712.321,-712.321,0.000,-1620.323,359.206,-475.563,3.100,54.041,187.690,972.457,-64.826,-75.538,-37.006,-81.575,0.000,-43.551,54.502,0.000,-50.809,1.511,1.042,103.288,0.000,0.032,pdb4a6v.ent_A_0001_0001,64
SCORE:,-1009.428,-1009.428,0.000,-2329.527,520.707,-675.553,4.157,75.315,242.393,1381.527,-87.582,-80.003,-44.065,-165.062,0.000,-50.796,63.700,0.000,-73.014,2.713,30.608,174.728,0.000,0.327,pdb4adb.ent_A_0001_0001,29
SCORE:,-1074.213,-1074.213,0.000,-2475.462,535.429,-699.875,4.507,84.634,277.891,1485.666,-62.241,-79.987,-60.465,-155.572,0.000,-55.846,53.454,0.000,-77.369,2.086,0.916,147.615,0.000,0.409,pdb4aj3.ent_A_0001_0001,96
SCORE:,-1175.154,-1175.154,0.000,-2594.183,581.386,-717.871,4.134,89.481,257.830,1648.973,-81.831,-72.550,-64.174,-175.202,0.000,-79.439,42.417,0.000,-77.413,2.103,-10.842,71.538,0.000,0.487,pdb4aq4.ent_A_0001_0001,64
SCORE:,-2084.735,-2084.735,0.000,-4873.460,1218.471,-1340.622,8.739,164.028,514.417,2886.537,-148.348,-141.342,-123.677,-310.143,0.000,-132.209,122.303,0.000,-149.874,5.319,-33.426,247.672,0.000,0.882,pdb4arc.ent_A_0001_0001,93
SCORE:,-967.025,-967.025,0.000,-2159.728,522.299,-586.498,4.032,75.886,222.094,1213.507,-62.319,-94.785,-49.110,-113.807,0.000,-60.414,45.768,0.000,-66.723,1.814,9.538,131.102,0.000,0.321,pdb4auk.ent_A_0001_0001,39
SCORE:,-883.429,-883.429,0.000,-1966.291,424.515,-528.119,3.411,65.629,202.521,1154.097,-71.172,-46.334,-45.729,-127.764,0.000,-50.134,35.030,0.000,-65.815,1.039,6.963,124.567,0.000,0.157,pdb4bfa.ent_A_0001_0001,10
SCORE:,-1029.442,-1029.442,0.000,-2665.790,596.806,-641.633,4.861,88.183,237.945,1646.785,-72.876,-75.507,-54.829,-197.717,0.000,-66.586,46.400,0.000,-80.795,1.518,28.135,175.571,0.000,0.087,pdb4bht.ent_A_0001_0001,22
SCORE:,-768.959,-768.959,0.000,-2013.225,516.106,-599.435,3.653,65.073,219.727,1219.167,-77.197,-90.130,-47.344,-105.769,0.000,-43.185,93.271,0.000,-56.272,2.057,32.268,112.134,0.000,0.142,pdb4bin.ent_A_0001_0001,33
SCORE:,-710.205,-710.205,0.000,-1665.406,413.796,-449.012,3.107,57.523,173.247,979.430,-47.314,-65.096,-45.123,-93.769,0.000,-40.152,32.500,0.000,-55.091,2.997,18.262,69.390,0.000,0.506,pdb4blu.ent_A_0001_0001,13
SCORE:,-428.798,-428.798,0.000,-937.355,194.036,-275.849,1.644,28.307,94.311,533.475,-24.270,-31.700,-22.958,-62.634,0.000,-19.805,23.740,0.000,-30.513,1.214,0.860,98.685,0.000,0.013,pdb4cnd.ent_A_0001_0001,79
SCORE:,-845.348,-845.348,0.000,-2454.960,639.439,-605.948,4.936,86.070,307.757,1441.301,-52.715,-70.737,-58.144,-140.620,0.000,-64.674,50.934,0.000,-75.397,2.081,16.717,128.247,0.000,0.365,pdb4cvq.ent_A_0001_0001,21
SCORE:,-1031.363,-1031.363,0.000,-2519.800,579.816,-752.400,4.550,88.309,268.556,1592.428,-79.356,-97.231,-67.114,-144.688,0.000,-55.002,49.888,0.000,-72.102,1.013,48.275,122.807,0.000,0.687,pdb4d02.ent_A_0001_0001,39
SCORE:,-599.662,-599.662,0.000,-1385.310,302.544,-393.831,2.611,43.185,140.133,803.220,-48.646,-42.059,-21.374,-101.088,0.000,-36.393,35.558,0.000,-45.970,0.390,-6.803,154.136,0.000,0.034,pdb4d79.ent_A_0001_0001,69
SCORE:,-900.466,-900.466,0.000,-2181.846,493.787,-604.011,3.629,68.579,230.817,1273.444,-60.293,-75.037,-44.026,-150.196,0.000,-43.914,44.370,0.000,-54.057,1.888,44.339,151.512,0.000,0.548,pdb4d9k.ent_A_0001_0001,75
SCORE:,-608.178,-608.178,0.000,-1308.431,324.704,-382.257,2.343,41.315,142.622,732.809,-27.090,-87.623,-27.267,-56.330,0.000,-31.061,33.607,0.000,-44.986,1.556,5.165,72.624,0.000,0.119,pdb4dap.ent_A_0001_0001,20
SCORE:,-368.730,-368.730,0.000,-743.138,191.028,-220.103,1.584,31.266,73.931,446.028,-32.199,-57.665,-13.889,-25.145,0.000,-21.168,16.149,0.000,-38.688,0.854,-10.706,33.132,0.000,0.000,pdb4dt4.ent_A_0001_0001,110
SCORE:,-431.058,-431.058,0.000,-1025.474,274.986,-273.833,2.275,38.445,103.159,573.746,-26.052,-75.661,-14.776,-37.778,0.000,-29.135,20.523,0.000,-40.555,0.961,-0.852,78.953,0.000,0.011,pdb4dzd.ent_A_0001_0001,16
SCORE:,-983.541,-983.541,0.000,-2475.522,615.850,-712.135,4.078,86.621,269.200,1543.612,-92.189,-60.514,-64.609,-167.236,0.000,-57.972,63.415,0.000,-73.180,1.968,35.444,99.464,1.000,0.165,pdb4eac.ent_A_0001_0001,83
SCORE:,-426.887,-426.887,0.000,-903.578,227.591,-245.172,1.704,33.194,105.645,496.460,-22.873,-51.334,-21.963,-37.185,0.000,-19.580,14.209,0.000,-39.429,1.399,-8.919,42.726,0.000,0.219,pdb4ej1.ent_A_0001_0001,81
SCORE:,-1073.815,-1073.815,0.000,-3044.833,858.094,-867.557,6.285,114.262,354.488,1963.217,-78.169,-122.648,-66.788,-186.104,0.000,-75.811,100.313,0.000,-104.411,2.240,-15.103,88.469,0.000,0.242,pdb4fin.ent_A_0001_0001,92
SCORE:,-551.567,-551.567,0.000,-1987.871,522.927,-470.528,4.690,69.033,257.958,1211.537,-88.698,-38.508,-48.344,-108.989,0.000,-61.938,70.745,0.000,-60.377,2.834,61.843,111.977,0.000,0.143,pdb4g0i.ent_B_0001_0001,24
SCORE:,-946.501,-946.501,0.000,-1943.513,390.020,-581.687,3.280,53.346,194.535,1111.099,-60.151,-105.568,-39.940,-97.486,0.000,-36.723,40.982,0.000,-68.977,0.351,3.216,190.454,0.000,0.264,pdb4gkv.ent_A_0001_0001,87
SCORE:,-866.039,-866.039,0.000,-2007.051,470.296,-554.189,3.616,63.910,216.149,1210.067,-44.663,-73.696,-42.831,-137.266,0.000,-50.100,38.983,0.000,-76.498,1.393,-19.178,134.794,0.000,0.225,pdb4h8a.ent_A_0001_0001,26
SCORE:,-823.677,-823.677,0.000,-2127.458,495.612,-601.758,4.105,74.995,240.930,1356.220,-83.367,-55.745,-47.109,-135.108,0.000,-51.190,35.629,0.000,-78.610,1.897,12.173,134.584,0.000,0.525,pdb4hl6.ent_A_0001_0001,37
SCORE:,-855.825,-855.825,0.000,-2004.444,479.550,-566.429,4.040,67.529,210.814,1178.395,-40.146,-67.822,-53.976,-157.909,0.000,-53.997,46.752,0.000,-55.994,1.394,23.367,132.723,0.000,0.329,pdb4i8o.ent_A_0001_0001,8
SCORE:,-806.226,-806.226,0.000,-1755.059,412.684,-488.607,3.302,58.267,188.853,1005.131,-62.881,-94.188,-40.407,-75.589,0.000,-39.833,41.188,0.000,-69.430,0.960,-8.845,118.210,1.000,0.019,pdb4isa.ent_A_0001_0001,17
SCORE:,-1042.684,-1042.684,0.000,-2122.223,428.871,-625.032,3.759,66.144,214.593,1271.993,-77.009,-68.961,-46.005,-150.123,0.000,-59.857,32.901,0.000,-67.679,1.785,-12.143,166.141,0.000,0.160,pdb4j8l.ent_A_0001_0001,15
SCORE:,-343.177,-343.177,0.000,-868.957,224.877,-236.232,1.735,31.720,107.172,498.279,-22.360,-27.984,-32.047,-47.165,0.000,-20.227,14.341,0.000,-30.304,1.967,9.942,51.877,0.000,0.189,pdb4jak.ent_A_0001_0001,64
SCORE:,-1077.323,-1077.323,1.127,-2579.152,609.617,-742.999,5.587,87.803,298.282,1506.616,-61.732,-125.820,-39.082,-150.327,0.000,-59.803,56.381,0.000,-102.777,4.425,10.927,203.487,0.000,0.116,pdb4jdr.ent_A_0001_0001,79
SCORE:,-506.684,-506.684,0.000,-1133.417,258.782,-308.772,2.022,38.018,121.925,683.227,-42.097,-44.921,-27.111,-65.467,0.000,-32.194,27.047,0.000,-34.242,2.016,9.601,38.426,0.000,0.473,pdb4jhc.ent_A_0001_0001,84
SCORE:,-1037.243,-1037.243,0.000,-2749.422,724.400,-773.316,5.018,103.338,308.047,1684.497,-82.880,-61.404,-56.842,-198.062,0.000,-66.695,78.739,0.000,-79.419,3.000,13.881,109.733,0.000,0.145,pdb4jrp.ent_A_0001_0001,11
SCORE:,-554.959,-554.959,0.000,-1153.130,247.534,-330.485,2.304,35.436,95.533,701.875,-21.449,-5.059,-16.292,-130.210,0.000,-36.228,17.809,0.000,-27.709,1.198,-19.335,83.191,0.000,0.057,pdb4jyk.ent_B_0001_0001,80
SCORE:,-937.348,-937.348,0.000,-2074.257,476.078,-622.757,3.769,77.280,196.254,1242.177,-73.720,-117.318,-41.561,-114.992,0.000,-48.296,34.256,0.000,-51.160,1.420,29.243,146.079,0.000,0.157,pdb4k22.ent_A_0001_0001,49
SCORE:,-365.268,-365.268,0.000,-760.783,172.439,-241.013,1.408,24.646,79.864,449.774,-24.330,-61.530,-15.327,-32.603,0.000,-16.244,11.616,0.000,-22.116,0.206,-0.083,68.798,0.000,0.010,pdb4k49.ent_A_0001_0001,78
SCORE:,-544.846,-544.846,0.000,-1284.560,287.477,-340.232,2.268,42.165,137.050,748.002,-29.527,-53.913,-29.066,-76.834,0.000,-37.630,26.403,0.000,-48.192,0.906,18.372,92.442,0.000,0.023,pdb4kdc.ent_A_0001_0001,79
SCORE:,-470.084,-470.084,0.000,-942.790,209.522,-267.705,1.753,28.310,101.163,498.939,-26.605,-74.302,-11.800,-35.495,0.000,-19.253,21.651,0.000,-37.628,0.266,2.643,80.985,0.000,0.261,pdb4keh.ent_A_0001_0001,66
SCORE:,-1032.903,-1032.902,0.000,-2332.097,495.146,-646.315,3.842,80.519,249.587,1375.873,-87.489,-75.626,-52.312,-159.704,0.000,-53.689,53.718,0.000,-74.206,2.631,9.957,177.007,0.000,0.255,pdb4lw2.ent_A_0001_0001,10
SCORE:,-263.630,-263.630,0.000,-526.756,123.419,-162.877,1.025,20.770,50.868,323.913,-12.786,-26.728,-16.661,-34.128,0.000,-13.136,8.763,0.000,-17.176,0.130,-2.287,19.599,0.000,0.417,pdb4ml2.ent_A_0001_0001,107
SCORE:,-182.690,-182.690,0.000,-788.520,218.627,-177.300,1.501,28.141,93.722,487.277,-10.495,-22.111,-13.954,-62.433,0.000,-19.514,19.931,0.000,-15.685,0.628,10.385,67.070,0.000,0.040,pdb4mte.ent_A_0001_0001,104
SCORE:,-716.585,-716.585,0.000,-1807.672,445.537,-469.865,3.356,60.855,189.731,1054.960,-41.344,-44.678,-40.527,-125.849,0.000,-42.769,36.217,0.000,-55.799,3.802,7.546,109.696,0.000,0.219,pdb4muo.ent_A_0001_0001,8
SCORE:,-741.221,-741.221,0.000,-1460.166,303.949,-433.284,2.347,46.351,135.196,887.716,-56.635,-42.203,-28.502,-107.305,0.000,-35.237,12.013,0.000,-55.107,0.861,-21.122,109.891,0.000,0.016,pdb4mva.ent_A_0001_0001,97
SCORE:,-282.650,-282.650,0.000,-835.001,281.358,-221.290,1.780,30.244,103.660,470.161,-21.846,-43.063,-19.730,-31.235,0.000,-20.848,20.998,0.000,-33.684,1.246,-10.381,44.956,0.000,0.023,pdb4nfw.ent_A_0001_0001,98
SCORE:,-80.862,-80.862,0.000,-517.450,208.379,-143.863,1.261,30.914,43.686,417.623,-4.099,-6.317,-10.656,-72.651,0.000,-15.136,7.649,0.000,-12.103,0.143,-8.675,0.427,0.000,0.004,pdb4p1m.ent_A_0001_0001,98
SCORE:,-120.528,-120.528,0.000,-339.839,99.672,-126.878,0.914,17.770,22.960,283.027,-11.323,-3.225,-8.734,-40.822,0.000,-14.123,6.485,0.000,-14.435,0.104,-13.718,21.636,0.000,0.000,pdb4q2u.ent_A_0001_0001,83
SCORE:,-306.490,-306.490,0.000,-963.410,232.909,-242.778,1.961,34.162,189.916,503.567,-16.071,-52.694,-12.015,-41.583,0.000,-24.667,26.026,0.000,-30.914,6.276,15.462,67.362,0.000,0.002,pdb4qak.ent_A_0001_0001,79
SCORE:,-1212.597,-1212.597,0.000,-2720.913,604.806,-719.878,4.869,96.290,315.145,1603.863,-76.057,-89.134,-80.110,-161.234,0.000,-67.585,44.413,0.000,-88.303,2.044,-12.282,130.852,0.000,0.618,pdb4qr8.ent_A_0001_0001,15
SCORE:,-323.598,-323.598,0.000,-738.716,208.239,-197.243,1.482,30.954,68.189,440.331,-17.893,-24.002,-20.347,-50.805,0.000,-27.308,7.229,0.000,-25.044,0.666,-9.503,29.975,1.000,0.198,pdb4qus.ent_A_0001_0001,80
SCORE:,-169.732,-169.732,0.000,-610.782,189.378,-162.756,1.347,21.129,84.301,341.648,-16.043,-28.979,-7.613,-32.419,0.000,-11.819,17.186,0.000,-16.303,0.143,-1.693,63.518,0.000,0.026,pdb4tn5.ent_B_0001_0001,44
SCORE:,-775.282,-775.282,0.000,-1685.424,365.548,-489.807,2.847,50.645,187.590,998.217,-57.413,-61.499,-32.430,-112.413,0.000,-39.914,35.954,0.000,-50.118,1.342,19.939,91.491,1.000,0.161,pdb4wep.ent_A_0001_0001,72
SCORE:,-549.833,-549.833,0.000,-1622.033,406.709,-371.698,3.198,62.303,143.879,1017.514,-49.906,-58.091,-40.650,-79.249,0.000,-40.475,34.891,0.000,-45.759,1.541,12.763,75.159,0.000,0.072,pdb4xb6.ent_D_0001_0001,27
SCORE:,-511.727,-511.727,0.000,-1240.573,292.567,-328.881,2.228,36.740,143.378,672.164,-26.457,-65.254,-28.566,-53.064,0.000,-23.918,29.500,0.000,-40.143,1.123,27.387,90.023,0.000,0.019,pdb4xpu.ent_A_0001_0001,8
SCORE:,-1352.777,-1352.777,-0.406,-2933.518,661.369,-850.421,5.458,91.953,326.966,1752.143,-98.433,-137.771,-62.672,-175.164,0.000,-64.835,49.123,0.000,-111.678,2.070,3.237,189.667,0.000,0.133,pdb4xvg.ent_A_0001_0001,23
SCORE:,-1035.211,-1035.211,0.000,-2734.684,615.931,-706.702,5.206,89.275,253.544,1720.007,-85.162,-110.593,-51.695,-159.430,0.000,-49.247,42.078,0.000,-72.050,1.124,8.030,199.079,0.000,0.079,pdb4yng.ent_A_0001_0001,76
SCORE:,-1089.531,-1089.531,0.000,-2764.345,615.249,-707.434,5.208,91.013,258.247,1719.683,-90.379,-115.430,-41.976,-159.564,0.000,-55.398,35.123,0.000,-78.731,0.803,0.699,197.644,0.000,0.058,pdb4yng.ent_C_0001_0001,109
SCORE:,-43.838,-43.838,0.000,-152.808,58.140,-34.770,0.500,7.690,13.187,98.422,-3.427,-11.384,-2.652,-7.221,0.000,-4.531,6.019,0.000,-13.133,0.326,-8.444,10.238,0.000,0.010,pdb4ynx.ent_A_0001_0001,130
SCORE:,-751.940,-751.940,0.000,-1586.189,365.557,-432.050,2.929,57.313,161.169,946.416,-71.344,-41.140,-33.269,-92.671,0.000,-34.590,27.487,0.000,-47.854,1.741,-19.027,43.224,0.000,0.357,pdb5caj.ent_A_0001_0001,7
SCORE:,-768.818,-768.818,0.000,-1742.001,367.742,-459.777,2.891,54.011,189.961,1001.914,-51.597,-50.465,-36.849,-127.519,0.000,-45.127,46.415,0.000,-48.297,1.481,-2.968,131.308,0.000,0.060,pdb5dmm.ent_A_0001_0001,98
SCORE:,-845.943,-845.943,0.000,-1745.066,343.250,-476.783,2.932,51.446,168.518,1026.262,-60.697,-68.436,-46.882,-91.195,0.000,-42.331,36.796,0.000,-71.183,1.598,-26.376,152.068,0.000,0.136,pdb5g5g.ent_B_0001_0001,15
SCORE:,-402.369,-402.369,0.000,-848.392,218.160,-242.904,1.575,30.435,75.238,490.813,-22.824,-52.767,-23.710,-47.908,0.000,-22.934,15.222,0.000,-26.731,0.460,6.711,46.872,0.000,0.315,pdb5isv.ent_A_0001_0001,81
SCORE:,-933.703,-933.703,0.000,-2218.234,632.068,-651.294,3.908,68.605,231.722,1288.549,-57.287,-135.410,-52.385,-102.393,0.000,-50.207,30.520,0.000,-85.878,1.564,27.243,134.942,0.000,0.262,pdb5jbq.ent_A_0001_0001,99
SCORE:,-828.484,-828.484,0.000,-1907.210,451.142,-547.594,3.377,59.972,201.127,1161.651,-66.262,-60.526,-53.580,-120.906,0.000,-45.402,45.607,0.000,-54.967,2.520,-13.214,115.201,0.000,0.579,pdb5mhb.ent_A_0001_0001,7
SCORE:,-284.258,-284.258,0.000,-692.825,181.011,-206.460,1.465,24.945,60.780,425.713,-15.292,-30.432,-9.938,-51.945,0.000,-18.077,16.045,0.000,-26.319,0.145,-7.924,64.836,0.000,0.016,pdb5vbx.ent_A_0001_0001,84
SCORE:,-810.690,-810.690,0.000,-1886.439,417.193,-566.105,3.351,63.860,224.728,1204.991,-65.935,-61.675,-60.565,-114.849,0.000,-38.182,33.008,0.000,-48.498,1.290,-0.620,83.151,0.000,0.606,pdb5xb6.ent_A_0001_0001,16
