dslf_fa13,fa_rep,hbond_bb_sc,hbond_lr_bb,hbond_sc,hbond_sr_bb,lk_ball_wtd,omega,p_aa_pp,pro_close,rama_prepro,ref,time,yhh_planarity
0.22972972972972974,0.29707105945321793,0.8017744668040117,0.6866484029572761,0.8103286683293356,0.7800775701955645,0.7717595197899081,0.2017074265062907,0.7345540452536338,0.04084838963079341,0.7123415440708866,0.5235907753967484,0.0,0.01365546218487395
0.22972972972972974,0.2789293745213041,0.6931636393688423,0.6305468278413223,0.735858048323299,0.733177646673222,0.69492903145126,0.07461539879902397,0.6360588047830846,0.06548972588580643,0.4237927672022725,0.33493729596948835,0.0,0.0976890756302521
0.22972972972972974,0.039392229014554934,0.9914700448044013,0.9717376836044512,0.9364267446108878,0.8212881022615537,0.9171121740761583,0.0445172432867653,0.9544761746407838,0.0035969735808492162,0.26852927460041554,0.0010787355764568989,0.0,0.002100840336134454
0.22972972972972974,0.45478850845798263,0.5231253283590018,0.4612257322251285,0.5212228558720275,0.5765077023926583,0.4831254298755705,0.7987596880166687,0.5293746795804409,0.8166370364245257,0.6018823928435155,0.8017106241313551,0.0,0.05672268907563025
0.22972972972972974,0.04151560435472767,0.9702838792701427,0.8992503624366057,0.9637575256945878,0.9140937397574567,0.9111798912024011,0.011579523174411958,0.9073104155408682,0.01930789266961591,0.2675372026964006,0.03411551763146837,0.0,0.0031512605042016808
0.22972972972972974,0.31188818956420433,0.5822860279924204,0.10166282303291063,0.3490413178503916,0.7834972140281876,0.7544785218533108,0.15010971045045823,0.6046611519862549,0.041716624633067356,0.5326917369737568,0.4623573806522511,0.0,0.016806722689075633
0.22972972972972974,0.1348756650078335,0.8355460056787659,0.6338229452037125,0.7447697415450112,0.8974926253687316,0.8366863627837179,0.030276396580229993,0.7673372961438806,0.08798114689709349,0.4131089159282656,0.23765716409709425,0.0,0.04779411764705883
0.22972972972972974,0.3996737441539369,0.5623336068428539,0.3943980972723098,0.5611269082302108,0.6110482901780838,0.5922278496842368,0.45466837941991756,0.49658450069972704,0.16318683590358457,0.862763386611269,0.7050526843142958,0.0,0.09296218487394958
0.22972972972972974,0.29525379114201167,0.5490634758534382,0.714838489993654,0.6033025686645168,0.5942313995411341,0.6312449196523479,0.2696602971094216,0.6173740144933562,0.10079794931161369,0.4876754144231993,0.6560207181874009,0.0,0.17016806722689076
0.22972972972972974,0.4726834995395478,0.49491449384013264,0.5721958241111919,0.38553795809439095,0.5368185294438983,0.4845166635402989,0.3891063976250914,0.43620013578861316,0.06561375945755984,0.3714758129478103,0.5305237725847635,0.0,0.529936974789916
0.22972972972972974,0.10401826826083417,0.9537139247829141,0.8902526479798994,0.9102317675652492,0.8491969845952148,0.8828940786594135,0.12000540869447639,0.9296601127876849,0.023649067680985653,0.4301437232373766,0.2703303274184685,0.0,0.02100840336134454
0.22972972972972974,0.22525731718500358,0.6767530681274829,0.6870405051927748,0.7634827087734906,0.712684365781711,0.7234493215781904,0.2184866718704864,0.6911086170345431,0.05316905775829992,0.5111544494848859,0.36899625068683534,1.0,0.08455882352941177
0.22972972972972974,0.29798292258591985,0.7090134177080689,0.5617896371506549,0.706748105669489,0.7386758439855786,0.6900909773025699,0.08936023749085746,0.5897382605201535,0.12271054698805142,0.7108152796031713,0.525206858657358,0.0,0.07142857142857144
0.22972972972972974,0.4534620446657944,0.4855876224151874,0.4825179154606942,0.5800860987116965,0.510772424341746,0.47480147564559483,0.08369340077811445,0.47965941998863815,0.20986480340678876,0.7742230889896977,0.7388611461262483,0.0,0.12289915966386555
0.22972972972972974,0.35912037497465255,0.5123167830557899,0.6391111661430038,0.5425569093421868,0.5942505189555338,0.5992934408803852,0.06976601250145974,0.5923293289548434,0.06582048207714887,0.5538050621104846,0.47583147483758353,0.0,0.3019957983193277
0.22972972972972974,0.36755575474756497,0.5691811833320543,0.6165085359624819,0.5317548569522328,0.5292991368950072,0.5546176452197836,0.0370802883817555,0.5184630945947819,0.17282010997643363,0.48366473057192527,0.5661947703545687,0.0,0.34191176470588236
0.22972972972972974,0.09622868390768226,0.9138031794006009,0.8619903315843509,0.8612571682737367,0.8675516224188792,0.8697008066028887,0.015832723830830793,0.8503761898823627,0.029230578409889612,0.47961165048543697,0.2971451889201331,0.0,0.026785714285714284
0.22972972972972974,0.364098166070167,0.591789991912776,0.12541596372022468,0.6318644660132484,0.757065989293128,0.6686128306133934,0.06538374072685478,0.368957060315085,0.06867325422747757,0.2111417306143215,0.7461698826723552,0.0,0.11134453781512606
0.22972972972972974,0.22802261317241831,0.7716097117524482,0.7738240802364995,0.6991707836253593,0.6759860155140391,0.701134871506284,0.22010313396967446,0.6517507031910325,0.15487658659610534,0.4060711408826897,0.4425482400853291,0.0,0.11502100840336135
0.05216844751728475,0.15756504128570117,0.8295543762507157,0.7674988520691131,0.838318692316246,0.8082377362613352,0.7728381166760457,0.0249783344908759,0.7054772692632776,0.05230082275602597,0.20019502268198586,0.30295500824202454,0.0,0.015231092436974791
0.22972972972972974,0.07020700326385004,0.9648943643264877,0.9051318959690857,0.9437260726596877,0.8855621107833498,0.8849105858813231,0.0833061874235561,0.8701833146277591,0.0169099102823831,0.3244414296010515,0.10489592423801673,0.0,0.05147058823529412
0.22972972972972974,0.1610626692791244,0.7315986139560692,0.755601644765693,0.8212101475750981,0.8205451764448816,0.7911977114987807,0.029729380888869776,0.68460323398595,0.05387191466490264,0.1851613176749905,0.3583826238727819,0.0,0.04096638655462185
0.22972972972972974,0.433849237767666,0.3657373246046409,0.4212725781237907,0.28449905482041593,0.42605156779198095,0.3723660351403738,0.11752232623032435,0.20463898241676015,0.1805928804729814,0.228142620935261,0.9165535408384239,0.0,0.5110294117647058
0.22972972972972974,0.1551226430081667,0.8605514660307078,0.8758738462649681,0.8510190465600229,0.8209521468371027,0.8515131620083787,0.03602313446137394,0.8278325089024678,0.06544838136188862,0.7095349132996991,0.15216635961084715,0.0,0.022058823529411766
0.22972972972972974,0.3727918640109837,0.5593525498367796,0.5886641180021359,0.5628584136868358,0.586376051567792,0.5775417370099418,0.10599811924942072,0.4549749899544139,0.10257576384007938,0.3749862212235554,0.7291363651055301,0.0,0.26995798319327735
0.22972972972972974,0.1194179058404446,0.8806455611766024,0.7394841791907215,0.8466187987482328,0.9181579809898395,0.882378227974739,0.0848366021106201,0.7651619071372158,0.055525695621614926,0.26646033832195704,0.17197550017776914,0.0,0.11502100840336135
0.22972972972972974,0.09898752194089938,0.9059107571884795,0.7454637382820761,0.8971739924703341,0.9489019993444774,0.9051147376977428,0.012538337195223142,0.8610245112302726,0.01918385909786249,0.5074914147623691,0.05304793302950967,0.0,0.015756302521008403
0.22972972972972974,0.11093344561563029,0.8422637143379986,0.70999912292921,0.8384457752855395,0.914885829782585,0.8735227912211593,0.18669829933436183,0.7462554211525405,0.03977343200893042,0.5016492135498368,0.37271728239438895,0.0,0.0976890756302521
0.22972972972972974,0.1799754339422323,0.7748268920857363,0.6399572814932903,0.8130053533700815,0.8480607451108927,0.7847339461014193,0.34154061745164443,0.7558783999113218,0.12564600818621574,0.4705727731377454,0.36371973884094505,0.0,0.08823529411764706
0.22972972972972974,0.3827409882478149,0.6582882239393635,0.510099212184061,0.7066289653857762,0.6388725008194036,0.6209982492340398,0.10283894997572235,0.4541089911460282,0.0565179641956423,0.09947004705982113,0.6908351918290829,0.0,0.08403361344537816
0.22972972972972974,0.6925716736046621,0.0,0.27472436760616414,0.16382583279058316,0.5633535452856988,0.31824079284687046,0.14075512750382604,0.08926022917792453,0.29747384958862205,0.6501377877644465,0.7881638061992954,0.0,0.1444327731092437
0.16593337523570081,0.4052740820341006,0.4346085960697271,0.29353495643021865,0.5232800114374673,0.5412897410685023,0.528668792596761,0.29942655546063024,0.2646215238807832,0.08326787117046347,0.3695340653749948,0.7656477261708522,0.0,0.06985294117647059
0.22972972972972974,0.3860732926137795,0.49309044113740597,0.75143813813349,0.5621038585566552,0.4685786081066319,0.40090977302569875,0.10908967984216447,0.5320973798340054,0.17410179021788566,0.27471912494170525,0.5652534018552635,0.0,0.25157563025210083
0.22972972972972974,0.17135923145178686,0.7921111196377867,0.6706753961006463,0.8576511890200315,0.8156178302196002,0.7435987619583568,0.06232291135272678,0.6927713347466434,0.10121139455079174,0.4695128672573876,0.38683780988396516,1.0,0.07195378151260505
0.22972972972972974,0.17585784234583893,0.7405358818911116,0.7289954443911322,0.8408921224444409,0.7481181033540917,0.7034640155067842,0.1977984154983682,0.7483892422164027,0.05287964609087527,0.4217068724297283,0.4354778758201622,0.0,0.04831932773109244
0.22972972972972974,0.20728612224390658,0.8530250349757678,0.7463769237515928,0.8658400978538864,0.8021741505517318,0.7682189082723692,0.05207097682251493,0.7228873093070625,0.04688469012279324,0.40886081315979145,0.40133003652348165,0.0,0.019957983193277313
0.22972972972972974,0.19465565542422944,0.6818887504943831,0.617591976350044,0.7471287191625233,0.8040697039222114,0.7856718564371913,0.04596775680542837,0.661394465921215,0.06511762517054616,0.3818204943401027,0.3756060312227285,0.0,0.012605042016806723
0.22972972972972974,0.2841409435587719,0.5209588968318151,0.6005458475857336,0.6211418404791028,0.6131268436578172,0.6017398236728568,0.0559246716369291,0.5539482617671918,0.037912928432629105,0.5394327383728326,0.7440770548498657,0.0,0.009978991596638656
0.05829666876178505,0.4169784782218411,0.4494135286860327,0.6814582075768596,0.3421788375085384,0.26234567901234584,0.35220877884074275,0.3570906140712104,0.5141192445719195,0.0647041799313681,0.865485224912028,0.9113295516985034,0.0,0.05777310924369748
0.22972972972972974,0.27879504907399394,0.6309451426480049,0.5127407430337362,0.6911566138742832,0.6917404129793512,0.5725786281498155,0.3304220625564686,0.6001510301921825,0.09670484144375077,0.5342858354178149,0.4999191958369694,0.0,0.3560924369747899
0.22972972972972974,0.31561701231790185,0.6578809111999196,0.3742719022633585,0.5314212641578371,0.6130612913798756,0.5318967673357093,0.1775895661366556,0.28834989123054966,0.16649439781700914,0.6439479374231569,0.7676031869161899,0.0,0.17384453781512607
0.22972972972972974,0.11141262581709266,0.8455340224199098,0.828847374204832,0.8779447506790996,0.8766797771222551,0.8255408616269617,0.02003675453746443,0.8051571961036983,0.03721007152602638,0.21377877644465176,0.21714098710365556,0.0,0.0667016806722689
0.22972972972972974,0.13974367088198864,0.7954876832169442,0.7533057829920495,0.8255786246445649,0.8280891510980007,0.8768367410742199,0.13645275689762204,0.7318798409333389,0.03663124819117708,0.46030440496883884,0.47298312809075915,0.0,0.09558823529411765
0.22972972972972974,0.27083109995750665,0.6573142152146065,0.6434552461731337,0.4862829820018745,0.674778761061947,0.6531763896704808,0.10747936398669954,0.6498732177744524,0.055691073717286155,0.6574468987153941,0.41776156307572965,0.0,0.06722689075630253
0.22972972972972974,0.6473840764931759,0.13995619912280166,0.275111310601722,0.038736477577798634,0.17261553588987233,0.002079034577627592,0.7492086711206446,0.0,0.2175962293794187,0.05865943104252347,0.9999999999999999,0.0,0.4632352941176471
0.22972972972972974,0.22688859641531878,0.6444750092973559,0.5183901107688814,0.7001239058950612,0.813263410903529,0.7240824110548365,0.25065611151744616,0.5573152651341952,0.03737544962169761,0.26708780260312887,0.47694657228740417,1.0,0.009978991596638656
0.0859522313010685,0.21865212163169254,0.7101409065955148,0.6789920908851708,0.6715143524328446,0.6752130449033105,0.7171184268117301,0.21858501177005676,0.6942469967161327,0.06557241493364203,0.5619620977657185,0.3174755163386017,0.0,0.007878151260504201
0.22972972972972974,0.2601341446245926,0.5610762501254405,0.6485422567547348,0.6556607520134707,0.6096853490658802,0.5675764396923654,0.19972218978371373,0.5694461764420613,0.07148468185388845,0.23912324585576805,0.6705977891980993,0.0,0.08403361344537816
0.22972972972972974,0.44008245515919503,0.6100069066073209,0.44671794951167787,0.5969087067719338,0.7830301540478533,0.6415228537485149,0.09920651993534152,0.401428551634313,0.09459627072394261,0.3796582863441727,0.5060683926435889,0.0,0.2830882352941177
0.22972972972972974,0.9992521689039172,0.3381286045701669,0.35958870539192156,0.6348588584772283,0.38144324265268226,0.23881541924591998,0.183065869293981,0.20804755372656614,0.19411253979410428,0.5987789884258279,0.9884854067681565,0.0,0.03413865546218488
0.22972972972972974,0.24454206000989354,0.5955325466491148,0.7652803788945811,0.657852933233785,0.6707554900032777,0.6435706246482835,0.21280754267029708,0.582359950672708,0.04064166701120437,0.4011277398567008,0.502630175506642,0.0,0.08245798319327731
0.22972972972972974,0.11005645543559547,0.8975165729060287,0.8574759966361755,0.8049276421343585,0.8450234895662625,0.8638154192459201,0.15172002630592316,0.8392221252303558,0.04676065655103982,0.503302666723195,0.19548951161963862,0.0,0.009453781512605041
0.22972972972972974,0.10249935743355734,0.9170911967320531,0.7994758212220174,0.7854521770901177,0.8856959466841474,0.8455183517789033,0.02282714918777389,0.9228083302157377,0.02513747054202671,0.5073727053037691,0.1932956785933611,0.0,0.05252100840336135
0.22972972972972974,0.13417691436365256,0.8797778079490918,0.8226614455158465,0.936680910549475,0.8274445536982411,0.8514818983305196,0.011284503475700826,0.7574579817378172,0.11696365816347624,0.2682833764361725,0.3547181550793496,0.0,0.024684873949579834
0.22972972972972974,0.3870122791541113,0.6201720158438752,0.24535281462334957,0.41111340566472343,0.6440429367420519,0.6107515788157318,0.5650917941500052,0.5498330354297433,0.15760532517468062,0.8399202950777972,0.5206535440705904,0.0,0.05252100840336135
0.22972972972972974,0.3206503418195157,0.6172263773368829,0.6675282597367754,0.7797652142142302,0.6295422265923742,0.5183986744200587,0.08025765053687439,0.7031563924568041,0.11291189481953115,0.4918556832153306,0.5386567115937813,0.0,0.11974789915966387
0.22972972972972974,0.24874102182917673,0.6032596825321865,0.487929958158564,0.5408889453702086,0.7168442040860921,0.7369708622522353,0.35220435031130726,0.6466863421595932,0.05126720965808079,0.20006783397634295,0.40834383787452727,0.0,0.0782563025210084
0.22972972972972974,0.20783892312322164,0.8190823066887835,0.981426736213221,0.66735238518848,0.5214711023708075,0.6474707684612018,0.21333611963048785,0.7779024816061854,0.042212758920081035,0.0,0.17030689421118977,0.0,0.08665966386554623
0.22972972972972974,0.29224050971340887,0.8138639811573585,0.7256264607098082,0.8166272179949485,0.7542144652026659,0.7415040955417995,0.18924284423574536,0.6800792562109435,0.03216603960805391,0.47971340144995134,0.40627121109279546,0.0,0.07142857142857144
0.22972972972972974,0.1032794783006281,0.8638985141939635,0.779623065929927,0.8459039570459563,0.8919479951928331,0.868293941099231,0.12798323304712328,0.8214033337490129,0.0402282217720263,0.3807097129774877,0.15099065903875367,0.0,0.0735294117647059
0.22972972972972974,1.0,0.4843302656977738,0.5874568558559952,0.7089005734618989,0.7171828908554574,0.6778512474207465,0.07864118843768632,0.5308849815022655,0.04709141274238228,0.5186755416119049,0.5289521316138206,0.0,0.06197478991596639
0.22972972972972974,0.12171822912563174,0.7862493580397041,0.7983356291951069,0.8953710028434815,0.8669179503987765,0.8818389295316701,0.021333611963048782,0.8336658768757534,0.0460577996444371,0.428142620935261,0.23833995927470183,0.0,0.0031512605042016808
0.22972972972972974,0.1136289956977109,0.8586152547475545,0.6209867562310719,0.927340312306397,0.922773953894898,0.8849340336397173,0.13057694789829197,0.7776392179684362,0.00868235002273949,0.36449739263153436,0.32654982384692455,0.0,0.13707983193277312
0.22972972972972974,0.1918890678459752,0.7374485693877912,0.7869956198052902,0.8065002938793665,0.7855375286791217,0.7478584380666542,0.23289961340126983,0.6130370924609608,0.08504568569892917,0.4031797176410735,0.20763033711496817,0.0,0.1355042016806723
0.22972972972972974,0.059299518624094105,0.9597114572941446,0.8202108065439798,0.9505567822592175,0.9298235551185405,0.9038641905833802,0.05354607531607059,0.9605243103185491,0.01376772646462976,0.31757323949633276,0.051314683732505896,0.0,0.009453781512605041
0.22972972972972974,0.4920767359949576,0.25453504365330004,0.4730765063690816,0.17776524598497245,0.339167486070141,0.36652754330019377,0.3953018112980252,0.2549015532554627,0.09434820358043577,0.6855725611565694,0.882425902582501,0.0,0.21481092436974789
0.22972972972972974,0.2011316918935884,0.7557953519123037,0.4228358278258446,0.68560467665327,0.8301895553370481,0.7106624773338335,0.25019514323820996,0.5769006941846448,0.12221441270103775,0.40832662059609115,0.4333204046672484,0.0,0.13813025210084034
0.22972972972972974,0.12023160806934294,0.7454354409307982,0.7414085756886295,0.8372146590205081,0.8752212389380531,0.8443225161007941,0.02406869041984991,0.7571877901096009,0.024227891015834953,0.2811803111883665,0.29971476130450236,0.0,0.12027310924369748
0.22972972972972974,0.18849864189223223,0.7919871548909995,0.7617359810552708,0.6910533589617321,0.7246230744018356,0.7236212718064152,0.04196655214165863,0.7449529589447286,0.050150907512299996,0.25458091321490656,0.3800340993567988,0.0,0.21743697478991597
0.22972972972972974,0.13857090639970346,0.8151036286252309,0.9002667327049377,0.8788978729488015,0.7178083688408173,0.7534311886450322,0.12746080233065563,0.8071316733868175,0.08029106544838137,0.16228430915334724,0.27297666375771673,0.0,0.008403361344537816
0.22972972972972974,0.051543515632769724,0.8856690849630762,0.9808076274203283,0.8429175072675573,0.906276630612914,0.9388404301882074,0.040177995218222386,0.8884732094608638,0.03592839128457437,0.20954763217026331,0.0,0.0,0.03413865546218488
0.22972972972972974,0.06955991625324998,0.9081303164642892,0.81767246049312,0.8555940334545917,0.9267316726756256,0.9482351653848559,0.09502707420360047,0.9118551772872762,0.018646380286930997,0.278187136982236,0.23674407705484984,0.0,0.0
0.07526712759270898,0.05470791318959649,0.9246766586187966,0.8600246611669168,0.9301917364299217,0.9332076914672786,0.9384574501344338,0.033177423617556136,0.8759058347535714,0.02187125315251995,0.3423241616144487,0.16377791783832704,0.0,0.0005252100840336135
0.22972972972972974,0.048668434423995696,0.9401899612167435,0.8664324371733555,0.888730917697892,0.9265077023926582,0.93274401300569,0.051364158794352834,0.919330479001261,0.003059494769917725,0.32269470471022177,0.07853760625747437,0.0,0.2190126050420168
1.0000000000000002,0.21684776922888152,0.7304179973200001,0.6769129171890396,0.6520944861876699,0.7098874685895336,0.6972738072906897,0.14424619393857446,0.6701306619002092,0.0746682101955596,0.2716241997710604,0.5045048320889491,0.0,0.01050420168067227
0.22972972972972974,0.13767325076623627,0.82637851749969,0.8194214428330417,0.8560308811615384,0.8504643286354202,0.8143093853560932,0.029262266365910478,0.8442102783666571,0.03667259271509489,0.5786746936872007,0.14139516467888424,0.0,0.0036764705882352945
0.22972972972972974,0.13138062019608931,0.8264552575810346,0.7981241003575352,0.9361408079299773,0.8736042827488256,0.8070249484149316,0.21804414232241967,0.8353632345401893,0.16281473518832432,0.4093950057234918,0.26475484016936546,0.0,0.0
0.22972972972972974,0.19755786004063344,0.7873650407607893,0.7706821031125693,0.7728074216454067,0.724095924833388,0.7275761270555867,0.21408596136471197,0.6575494312119827,0.060032248728655896,0.3296222495442405,0.5118822521736319,0.0,0.11397058823529412
0.22972972972972974,0.12362590879560445,0.7112034615679769,0.6268682897635519,0.756898222426967,0.8037310171528462,0.7566513474645158,0.17305363826897194,0.7150725360601904,0.027576797453177326,0.4857421460974266,0.5097975047674456,0.0,0.060924369747899165
0.22972972972972974,0.3808384749412003,0.5264192487736343,0.6875306329871482,0.5695858683738146,0.4787474052223315,0.5141311823922966,0.4814537095653992,0.488111568358482,0.12171827841402406,0.4597871708992242,0.44269772778693556,0.0,0.07615546218487394
0.22972972972972974,0.26676517199469413,0.5599664704875356,0.5393263064485339,0.6450254960207145,0.7308314213918934,0.6978834490089414,0.5707709233501945,0.6484737637001012,0.08273039235953197,0.6156950862763387,0.45239826755874457,0.0,0.07457983193277311
0.22972972972972974,0.04931552143459578,0.9286612397655295,0.953510088893704,0.9432256834680942,0.9312220037146292,0.9326189582942538,0.129667303827266,0.9581410815978718,0.005333443585397115,0.3317590197990419,0.16532935776851224,0.0,0.0026260504201680674
0.22972972972972974,0.1555592007119249,0.791396846572965,0.8268146336681679,0.8844577528553954,0.7627635747842239,0.7512974426311512,0.02289475786872853,0.7915783347882114,0.022077975772108984,0.33214058591597073,0.32036830537509287,0.0,0.002100840336134454
0.22972972972972974,0.273786259798331,0.7208963241501035,0.5723918752289412,0.6739845276484886,0.7367365890964712,0.6516601012943162,0.040104240293544605,0.5717462692771336,0.0565179641956423,0.3357697036503159,0.3887851902129997,0.0,0.060924369747899165
0.22972972972972974,0.3539501368440494,0.7303117418227539,0.36238501343982,0.5852885577671523,0.6672976073418553,0.6037172512974427,0.6805981524391369,0.45281345692868336,0.10460164551205192,0.44467715266884306,0.8482861437021235,0.0,0.009978991596638656
0.22972972972972974,0.2996891140849272,0.6220491962952248,0.6895788512436347,0.760567743165319,0.6683355184092648,0.6458997686487838,0.04324497083607354,0.615898352523867,0.23669739942944557,0.427896722771018,0.5286571964187594,0.0,0.05724789915966387
0.22972972972972974,0.3264676669607189,0.5181018045725281,0.6236953571999773,0.6726660418420677,0.6276248224625807,0.5689207778403051,0.06669903688360858,0.5818126394258081,0.054533427047587554,0.42412345783694416,0.6576206406154045,0.0,0.05147058823529412
0.22972972972972974,0.23319414289386092,0.8754213325619971,0.7211430812012773,0.9364982287811154,0.840175352343494,0.8185221659476021,0.21118493432738583,0.7788793282620443,0.28246578740645806,0.671098486454403,0.411256827951776,0.0,0.030987394957983194
0.22972972972972974,0.3419745065800095,0.47005661056769943,0.4566546456376046,0.5919604136550651,0.6650415164426965,0.6075548677546426,0.29612602258129944,0.4010128722062879,0.13081407367594164,0.30452367829736726,0.6043262548886518,0.0,0.09138655462184873
0.22972972972972974,0.9419610740352785,0.0107377083050475,0.0,0.11416021985353697,0.056959466841472794,0.0,0.24693763406494124,0.07976888223801792,0.31798073345185435,0.9527281977360411,0.7441134167232294,0.0,1.0
0.22972972972972974,0.2630996371921332,0.6604664616329108,0.78224911905978,0.7450953916538261,0.5930268764339561,0.6320655911961482,0.04138880523168266,0.7349489407102576,0.06321577707032704,0.1670072497562217,0.37988461165519244,0.0,0.148109243697479
0.22972972972972974,0.3123208724954439,0.5543703476325684,0.6446779860390967,0.7114263474766088,0.6721102370807386,0.694827424498218,0.06987049864475325,0.5890246775020438,0.1009219828833671,0.5487344723788528,0.47837680597304366,0.0,0.08508403361344538
0.22972972972972974,0.34188926158460115,0.6482529825327767,0.5916564771677836,0.5408095185144001,0.5948022506282094,0.5989260926655411,0.3260459370255868,0.5023139488160064,0.08392938355314838,0.3498537329885107,0.5957488929829664,0.0,0.21481092436974789
0.22972972972972974,0.05841219571734309,0.9540799159400954,0.995563053650936,0.9730822385665041,0.8710313558396156,0.9303445257300069,0.02368147706529155,1.0,0.0052920990614793075,0.4040446008394455,0.17618943727980865,0.0,0.0
0.22972972972972974,0.13139611928616357,0.9713936589080476,0.9821025966454621,0.9175787517275341,0.7785480170435923,0.8685831301194272,0.05129040386967505,0.9403777140402656,0.020093438624054247,0.298859541272735,0.002375642393096092,0.0,0.0782563025210084
0.22972972972972974,0.1618272910561209,0.8215143769590857,0.7764449741264116,0.8821384886657877,0.8606877526494047,0.8667698368036015,0.07588767124971574,0.7629657341591498,0.13697440773969488,0.5214143384067496,0.29365444907721644,0.0,0.1050420168067227
0.22972972972972974,0.18162221226262176,0.6594039066604487,0.8195555830715018,0.7339518037838955,0.7422265923740852,0.75300131307447,0.16750358018696876,0.6656413240775381,0.09182618762144955,0.3878322804934922,0.4012573127767542,0.0,0.05567226890756303
0.22972972972972974,0.1681535029880954,0.8594889110582457,0.6676675592151763,0.7941732458578895,0.8747869550966897,0.8484727693365848,0.17881881488128532,0.7602153219437171,0.044114607020300164,0.5743078814601263,0.3630652251203981,0.0,0.009978991596638656
0.22972972972972974,0.25525322284204227,0.7786816054025016,0.6544186310472739,0.5923496052485266,0.5884190975636405,0.6133777277558932,0.28485381159304496,0.6503997450499508,0.05531897300202588,0.5402213083478188,0.5355821131904716,0.0,0.17279411764705885
0.22972972972972974,0.08263985668508045,0.8359060937527669,0.8217482600463298,0.9186986703944338,0.9134682617720967,0.9267570186956794,0.03702497218824716,0.8569439248451595,0.019266548145698104,0.2906177131470726,0.2161511361065322,0.0,0.0005252100840336135
0.22972972972972974,0.1202845632937633,0.8544122595231489,0.8344503087805104,0.8950453527346667,0.891136785753305,0.8980725942599888,0.017897861721808718,0.8441202144905849,0.034315954851779885,0.3083223809725697,0.17976098128575582,0.0,0.020483193277310924
0.22972972972972974,0.056743460352681796,0.9230651169105624,0.8649156206307685,0.9917237216247557,0.9401016060308097,0.91572094041143,0.07365043853448965,0.9053428662482161,0.005002687394054657,0.2387925552210964,0.18056094249975757,0.0,0.01207983193277311
0.22972972972972974,0.20900910442382775,0.8065087395146484,0.7284227687577065,0.9212165017235627,0.7803643614115592,0.6984383792909398,0.14562295253255975,0.6948912998295715,0.05941208086988879,0.4649425531012847,0.38261983257377413,0.0,0.019957983193277313
0.22972972972972974,0.11741335685750781,0.900840008736563,0.6652839903625397,0.8378421311813951,0.9240112531410467,0.8562574251234916,0.190386045568251,0.7936705879092711,0.01120436598172572,0.45274939585364826,0.211739228805068,0.0,0.05619747899159664
0.22972972972972974,0.30601403442606223,0.6071970390134767,0.6085065548143447,0.47448809391431435,0.7227794165847264,0.6158788219846183,0.05882569867425524,0.6321444901691815,0.06023897134824493,0.2961037859838047,0.13785190212999773,0.0,0.09506302521008403
0.22972972972972974,0.09101969805189354,0.9170911967320531,0.8386808855319433,0.8675636606249305,0.9246476565060637,0.887982242230976,0.03771949772896295,0.8547754638289619,0.010749576218629842,0.37939542968584394,0.14736255211868515,0.0,0.002100840336134454
0.22972972972972974,0.2477297062018317,0.6340619705672272,0.699887012645297,0.8105987196390844,0.772044684802797,0.6884808978928281,0.23049028586179557,0.635026534203489,0.11398685244139414,0.5903421376181796,0.2842852063738323,0.0,0.08560924369747899
0.22972972972972974,0.21792753917072116,0.6372437324014333,0.7797262507287426,0.7112357230226685,0.6118649623074404,0.7221831426248984,0.09180029624894746,0.6900070665502764,0.05585645181295738,0.26591766651121385,0.4776253272568602,0.0,0.22794117647058823
0.22972972972972974,0.2526803738897162,0.7400990537357661,0.699479432689976,0.5989261489094693,0.5748579700644598,0.618090727193147,0.22655054363525734,0.6243435729032437,0.09414148096084675,0.3848475855344046,0.44666521219173205,0.0,0.12815126050420167
0.22972972972972974,0.15542100049209612,0.7459372030011274,0.7523100496834805,0.8099950755349399,0.7951491314323174,0.7739245294816481,0.1975710044806117,0.7462277091906722,0.03642452557158805,0.2856234366388265,0.3327919454410291,0.0,0.10084033613445378
0.22972972972972974,0.1500156928287002,0.808982131367213,0.8910987633301861,0.8652761671776461,0.7509805528242108,0.8031404364409429,0.0659430489056613,0.7992199082734063,0.029478645553396455,0.40742782040954767,0.24264682116422637,1.0,0.05672268907563025
0.22972972972972974,0.06950696102882958,0.923932870138073,0.7558854029624354,0.8793347206557481,0.9573363924396374,0.9036140811605078,0.06767014339186607,0.8212439899682699,0.0169099102823831,0.3546784245558995,0.1564732215003717,0.0,0.1334033613445378
0.22972972972972974,0.48525842795312557,0.38890692608749544,0.5363287880429455,0.47583835046305867,0.4797006445973999,0.3755783780403926,0.641311362560771,0.32875393163459,0.13412163558936618,0.7700343409505237,0.8935364749991919,0.0,0.07615546218487394
0.22972972972972974,0.11069191812863985,0.8202275048257704,0.6046371248587656,0.8134104303347048,0.9269501802687644,0.8886622272244107,0.17465166163699058,0.7741890787158278,0.026708562450903375,0.29617161996014757,0.2148057467920747,0.0,0.1334033613445378
0.22972972972972974,0.051175412243506205,0.9234252049845634,0.8982288329283329,0.9661959301679084,0.9263929859062603,0.9387779028324892,0.055580481988432774,0.9126934641337934,0.02588167197254724,0.2731335057446899,0.1520249523255438,0.0,0.0005252100840336135
0.22972972972972974,0.05687649420915247,0.9232540155723333,0.7740923607134196,0.870264173722419,0.8899131432317274,0.8788141686988057,0.06513174473420569,0.8746380124980949,0.03402654318435524,0.5147411709840166,0.1584812049516791,0.0,0.00892857142857143
0.057196731615336255,0.4138373293001257,0.37164631086816635,0.41329639317535727,0.3990802370097378,0.5248224625805747,0.3730303882948789,0.3744844838077209,0.42219173906416707,0.12527390747095546,0.141934116250477,0.44821665212191725,0.0,0.4747899159663866
0.22972972972972974,0.0784563939558715,0.8255934074367042,0.7068210311256944,0.9107480421280043,0.9510433737572381,0.8699665478646907,0.09676031493352838,0.7702955480733259,0.032992930086410056,0.2513079238563616,0.1332137431720482,0.0,0.0
0.22972972972972974,0.16497231475035484,0.6269251430021899,0.6468964592136286,0.7673031405378787,0.839096471102371,0.7509379103357718,0.14468257724291803,0.7046043424644248,0.08318518212262786,0.4842413193708399,0.44270580820323857,0.0,0.12394957983193278
0.22972972972972974,0.06045161765294696,0.963583879860451,0.8945348171307401,0.9754173881272736,0.9568829891838743,0.9584662039642343,0.0747444699172101,0.9428717906084162,0.03935998676975235,0.5373214058591598,0.09860936035424543,0.0,0.1171218487394958
0.22972972972972974,0.18227834040909846,0.8006764933324675,0.6122934369308712,0.873941637146352,0.8833224079536766,0.8319030200712811,0.04347238185383004,0.7301547713070348,0.048910571794765795,0.2108703947089499,0.3923082517211286,0.0,0.029411764705882356
0.22972972972972974,0.25428452971240145,0.7645260119360342,0.6006025992250821,0.7050801416975108,0.7193515787173606,0.700431438754455,0.041013884364570596,0.5893225810921284,0.07532972257824451,0.4173061432144826,0.5013009470247907,0.0,0.0036764705882352945
0.22972972972972974,0.012622717274640004,0.9488261719095883,0.9876900535013181,0.9516925862972788,0.908224079536764,0.9250297004939662,0.037363015593020334,0.9383201008715413,0.0019845371480547397,0.22576843176325948,0.08676751026212869,0.0,0.0
0.22972972972972974,0.1885348064357388,0.9148303158739809,0.9600365274187805,0.9179441152642531,0.6450234895662625,0.7607390733445882,0.027387662030350153,0.7943079630322429,0.050357630131889035,0.4776275066774071,0.6323814602928342,0.0,0.016806722689075633
0.22972972972972974,0.1480550579343071,0.9188621216861566,0.8252101100465878,0.8293672856666297,0.8541816890636951,0.8865910085662477,0.10266070890775104,0.8742985409652078,0.06507628064662835,0.47281129435706115,0.09617311483887647,0.0,0.030987394957983194
0.22972972972972974,0.481893833816173,0.35345891158952303,0.27172168996063495,0.4223920191895284,0.5962635201573256,0.33837460138810715,0.12856097995709925,0.31821645813415367,0.08144871211807996,0.6656208928647136,0.6651435081935421,1.0,0.24264705882352944
0.22972972972972974,0.16880058999869546,0.7210675135623335,0.7046231949109256,0.698193833298915,0.8032666885174261,0.7190645907584567,0.2119532147927794,0.721307727480567,0.06139661801794353,0.45030737270530385,0.30301157115614596,0.0,0.037815126050420166
0.16703331238214958,0.13253788558830024,0.7665802848827943,0.7756091772560065,0.8436005782275103,0.8516470009832843,0.8361939598574376,0.031143016945193946,0.775269845228693,0.018232935047752925,0.20936956798236322,0.19774798797634052,0.0,0.028361344537815126
0.22972972972972974,0.3804639135977392,0.7044857529087442,0.6393794466199239,0.5592444917475496,0.6356413197858626,0.5299271556305882,0.31055740284325234,0.5159759460170983,0.08372266093355935,0.48383431551278255,0.5174981415042503,0.0,0.19170168067226892
0.22972972972972974,0.16699494600504494,0.7986989604670518,0.7249660779973893,0.8493431399024638,0.8407025019119415,0.8295269805539924,0.17572725428854158,0.6988125424339416,0.041716624633067356,0.32550981472845214,0.3237418791816154,0.0,0.015231092436974791
0.22972972972972974,0.14370756316847896,0.7029686605313954,0.6740908129414374,0.7406633730997125,0.8936933245930297,0.83811667604577,0.15675379991518187,0.756959166424187,0.07040972423202546,0.5109848645440286,0.20191344258056174,0.0,0.10084033613445378
0.22972972972972974,0.47045421375053437,0.6485186212758923,0.4901381128532144,0.6462168988578418,0.6923440402053973,0.6722784968423685,0.9777137202598633,0.5013440301506146,0.7825278041923348,0.8816466697757239,0.7497212256375447,0.0,0.0
0.22972972972972974,0.06477328060198466,0.9621907522298896,0.7531716427535895,0.9229638925513495,0.9936332350049165,0.9855405489901832,0.004486757917898476,0.8503623339014286,0.008641005498821682,0.339280111926061,0.21265635605546396,0.0,0.0
0.22972972972972974,0.41033711812502344,0.7199754431739697,0.6876234993060821,0.8195501262887008,0.7676690702501914,0.7229491027324454,0.11552479702030106,0.5876044394562914,0.08918013809070989,0.6066731674227329,0.5031432819418856,0.0,0.1092436974789916
0.22972972972972974,0.42280484449892086,0.3708789100547215,0.46386726307480375,0.5457101555177837,0.46884901125314116,0.3843556555993246,0.5075690991450575,0.4095065885189342,0.12626617604498283,0.4335439013015645,0.9384272277707746,0.0,0.1360294117647059
0.22972972972972974,0.17258236797681334,0.812317373364108,0.8233682613877322,0.7232450636209116,0.7634846498415822,0.7898377415119114,0.041112224264140976,0.7413157639495089,0.04552032083350561,0.08792979183448513,0.1706220304470086,0.0,0.059873949579831935
0.22972972972972974,0.17329790930190805,0.9138976287314864,0.6599183808241369,0.9277453892710203,0.9506964929531302,0.9260066904270619,0.06063269432886093,0.7644344681381718,0.08078719973539504,0.4042735405096028,0.2161672969391383,0.0,0.0
0.22972972972972974,0.23268654769392913,0.8418564015985548,0.7288509856727905,0.8299629870851932,0.8008712990276413,0.7571984618270493,0.06691415541391878,0.7296143880506021,0.039649398437177,0.3005214736931361,0.30040159669026145,0.0,0.05619747899159664
0.22972972972972974,0.3490356336996715,0.5637798622220385,0.5639204032461937,0.5298644977839907,0.5515131650824867,0.5985665603701619,0.06358289131597224,0.42852392235108294,0.0728490511431761,0.5652435663713062,0.7255688613077346,0.0,0.22531512605042017
0.22972972972972974,0.2822578041147501,0.6774968566082065,0.3057159219303811,0.6049864180076567,0.7400524418223534,0.6430000625273558,0.1850879834788969,0.44336367793157916,0.06234754206805309,0.5730868698859541,0.5445473350787032,0.0,0.13760504201680673
0.22972972972972974,0.11237486099253588,0.8099443339256093,0.7901169599694572,0.8165239630823975,0.8549273462252814,0.8166619771149878,0.039661710745477904,0.8009380499092433,0.01947327076528714,0.2562343663882648,0.10142538543585763,0.0,0.002100840336134454
0.22972972972972974,0.12274375225221151,0.8851614198095665,0.8131220108653592,0.8835999428126639,0.8631432317273027,0.8884980929156506,0.01611545104209562,0.8773191448088569,0.03754082771736884,0.3046254292618816,0.2765805294288761,0.0,0.005252100840336135
0.22972972972972974,0.30688327506105995,0.4954457713263637,0.6274977170363261,0.6062095915871075,0.7160056811974217,0.6540752204089288,0.07105672368332094,0.47715148743955327,0.07462686567164178,0.2653919531945564,0.2705686996994085,0.0,0.3272058823529412
0.22972972972972974,0.19113219561401584,0.5945172163420954,0.7920774711469505,0.7568187955711585,0.7666065770785535,0.7650612768086037,0.16644642626658718,0.7067935874520237,0.06966552280150494,0.18075210921270193,0.17398752383722807,0.0,0.1875
0.22972972972972974,0.2253864762689557,0.6329935125115848,0.6146099356642778,0.7271369795555274,0.7969135802469137,0.6950228224848372,0.33248720044744656,0.6863213756217872,0.060156282300409314,0.35092211811591134,0.41665858625036356,0.0,0.016806722689075633
0.22972972972972974,0.2731546718778052,0.5989799472264363,0.6450907252343584,0.5885609442264619,0.6123811864962309,0.6094932157819045,0.2975458048813468,0.6067741890787159,0.06023897134824493,0.333047865349557,0.4309164808170916,0.0,0.1565126050420168
0.22972972972972974,0.26982236751184063,0.6477925420447099,0.5153100445242407,0.630998713284936,0.7088768709712663,0.5632229725504908,0.2788059077694667,0.5760693353285946,0.07268367304750487,0.422961800992072,0.5290329357768512,0.0,0.16859243697478993
0.22972972972972974,0.10635733927120695,0.8890515516254138,0.9782280074499423,0.8916617686772251,0.664074620343057,0.7522588007253173,0.10696307951395506,0.8463579554114534,0.0472154463141357,0.17814050112350027,0.33546252302918644,0.0,0.029936974789915968
0.22972972972972974,0.24342225075202872,0.6805841691115269,0.7715178999829744,0.7999316929040047,0.7166393532175244,0.7181970236978679,0.01236009612725183,0.711691676712253,0.01728201099764336,0.1800228939670158,0.5167587834125213,0.0,0.23161764705882354
0.22972972972972974,0.10548939022704876,0.8600674132099195,0.6820515201700484,0.8804864100649712,0.9976182672347865,0.890256674795223,0.14175696523069928,0.8032450707347827,0.012651424318848968,0.5238309238139653,0.1833810077895213,0.0,0.16964285714285715
0.22972972972972974,0.1258655273113341,0.8782134909063003,0.8440774505099907,0.9411446998459119,0.8642111875887688,0.8490198836991184,0.0315671077620912,0.8797855094151391,0.017323355521561168,0.32596769406876674,0.2215326933643621,0.0,0.01207983193277311
0.22972972972972974,0.15578006274548298,0.8140942014013919,0.6352004622678986,0.863131642070817,0.7943379219927893,0.7718533108234853,0.04801445596523685,0.7856271909769852,0.054368048951916326,0.5394836138550898,0.49891318400724,0.0,0.04726890756302521
0.22972972972972974,0.6343648408308028,0.04711250686233415,0.3489761488337537,0.38136010547886445,0.21039823008849567,0.0981992121553178,0.6740954265800456,0.051301769408765296,0.19390581717451527,0.04259125789629886,0.9350900158376159,0.0,0.532563025210084
0.22972972972972974,0.28108891440498346,0.659752188568089,0.6171947148746045,0.6713793267779702,0.609485960887141,0.692185643719127,0.27021345904450494,0.6638192625846947,0.07574316781742257,0.7180480773307332,0.6114935841494553,0.0,0.2878151260504202
0.22972972972972974,0.12494462304275553,0.8940750754118876,0.9420926909047758,0.9426458674206923,0.831984048945701,0.8180141311823923,0.040005900393974225,0.890191351096701,0.020258816719725476,0.2814770848348667,0.1501341349106306,0.0,0.0031512605042016808
0.22972972972972974,0.12407279922607875,0.9198656458268153,0.8372053429088826,0.9218995726835157,0.9119441713099531,0.8954698930782217,0.03544538755139797,0.8642529547879343,0.18820027287385785,0.26875821427057284,0.17143815249361646,0.0,0.0015756302521008404
0.22972972972972974,0.32464135751363593,0.6133598578537569,0.811904430239337,0.6706327143333705,0.5156642630831423,0.5610266991808917,0.03497827302843868,0.6451968242091699,0.13023525034109232,0.21208292703607923,0.5105974659814473,0.0,0.022058823529411766
0.22972972972972974,0.0,0.9954369167015932,0.9455958148245599,1.0,1.0,1.0,0.034498866018033085,0.9473403444596861,0.011163021457807914,0.2704879806673168,0.04071721775105853,0.0,0.005252100840336135
0.22972972972972974,0.22212004303580676,0.5749898171815138,0.7229952483400144,0.7610522469857508,0.7197011908663827,0.7241371224910897,0.35461982409450465,0.6148591539538042,0.06933476661016248,0.42459829567134444,0.5664977859659329,0.0,0.02415966386554622
0.22972972972972974,0.2185965832255931,0.7378676882935957,0.688598595654888,0.7604883163095106,0.790904621435595,0.6867535796911148,0.05001198517526014,0.6907968574635241,0.04539628726175218,0.4048501293085175,0.2933797149229128,0.0,0.08298319327731093
0.22972972972972974,0.44514032488675975,0.45552321977768984,0.6592115649522512,0.4607472478594462,0.5576341090352891,0.6762880635277934,0.057282991499744945,0.5233265439026756,0.1061727374209286,0.5538135413575275,0.5197081353631339,0.0,0.18119747899159663
0.22972972972972974,0.2558706032633334,0.8504689999586783,0.6161938223260948,0.7499166018014012,0.7375013656724572,0.7119677358844494,0.47669037067995895,0.7311177619819595,0.1300698722454211,0.795624708525883,0.3244206341510714,0.0,0.022584033613445378
0.22972972972972974,0.1451386458186684,0.7339008163964038,0.6001176306706495,0.8375164810725803,0.8931934884737246,0.8529591071093603,0.0497784279137805,0.6811253827714734,0.07227022780832679,0.3196676135159198,0.2723625521186851,0.0,0.10609243697478993
0.22972972972972974,0.42742228175020885,0.4696020731628129,0.5904543742615838,0.5745738749185876,0.594936086529007,0.5722972550490839,0.10746707149925322,0.47584209724127424,0.22139992557985694,0.47118327892483153,0.6612204660784122,0.0,0.15388655462184875
0.22972972972972974,0.07200748089414251,0.8995531366032478,0.8414617158600194,0.9333529252910995,0.9400387850977823,0.9138294879009566,0.09985802176999527,0.8623131174571504,0.043080993922354996,0.46487471912494177,0.19182908303435792,0.0,0.04149159663865547
0.22972972972972974,0.13222919537765468,0.7851159660690779,0.823032910791582,0.7621086241680037,0.7599175133835903,0.7509379103357718,0.12760216593628806,0.6712876363082125,0.053954603712738254,0.1947767838215967,0.20479815120074985,0.0,0.1171218487394958
0.22972972972972974,0.36690350137360683,0.7079626689019674,0.6722541235225226,0.7842687169385714,0.6547143013219711,0.5260582754955293,0.17845004025789643,0.6417259009851604,0.18592632405837847,0.7442913469283928,0.3348282103493972,0.0,0.2505252100840336
0.22972972972972974,0.3133399376678261,0.582740565397307,0.6466127010168861,0.5682912106241362,0.5252103135583963,0.5370865378603138,0.08650838040331651,0.4654778235025149,0.11204365981725721,0.34788654767456656,0.6781085361517825,0.0,0.03413865546218488
0.22972972972972974,0.10002983574839293,0.8861472347006841,0.7397318227078786,0.9331225874092548,0.919253250300448,0.8863643469017695,0.03173920258633937,0.8324326945726124,0.008847728118410718,0.45104506719803283,0.2190681663919325,0.0,0.08455882352941177
0.22972972972972974,0.2305282994010893,0.6061580963737359,0.7621435610105918,0.667296786389414,0.7254725226701629,0.765217595197899,0.16111148671489423,0.7166244059248175,0.015214784801753006,0.4151778522067241,0.37463234105821125,0.0,0.22794117647058823
0.22972972972972974,0.15804551307800302,0.8684615974923702,0.6757262920026621,0.8460707534431542,0.8546405550092867,0.8237510160695304,0.040761888371921504,0.8002106109101994,0.07830652830032662,0.3743672361894264,0.16964834028249134,0.0,0.01050420168067227
0.22972972972972974,0.11620701101339509,0.8618796597462854,0.6139753491515629,0.9037028800177916,0.9165382934556977,0.8076971174889014,0.12364398497858035,0.757360989871278,0.03741679414561542,0.3348624242167296,0.3183401208830279,0.0,0.005777310924369748
0.22972972972972974,0.22312877548147278,0.8078487393965867,0.7056395651792577,0.8362933074931296,0.7903392330383482,0.8303320202588632,0.04464016816122827,0.7271549514347868,0.016372431471451607,0.34878534786111,0.2751502957432367,0.0,0.1444327731092437
0.22972972972972974,0.3282875184536041,0.7458427536702419,0.5346159203826091,0.7422439675303014,0.7483775811209441,0.6802585506158945,0.26337883602436374,0.5977955134333736,0.12734113366684582,0.519531945563234,0.6682989107598822,0.0,0.17909663865546221
0.22972972972972974,0.12206308387978387,0.8766019491980661,0.9810862263771299,0.8563247605280297,0.645307549437343,0.7339851810166947,0.16481152543622968,0.7977927422371868,0.02228469839169802,0.2538262602280918,0.44235431009405596,0.0,0.0031512605042016808
0.22972972972972974,0.05810608868837658,0.9626629988843172,0.8489838876936648,0.9329160775841527,0.9313367202010271,0.9365503657850309,0.08881936804322038,0.9032713970985576,0.030429569603506016,0.39723576546402684,0.16865040886906493,0.0,0.01050420168067227
0.22972972972972974,0.08611940240675037,0.8720447689828397,0.6868805687546109,0.8993264602627441,0.9306730033868678,0.9084521353091978,0.06889939213649578,0.8851062060938605,0.0062016785876710615,0.34138296519269096,0.277311807104302,0.0,0.005252100840336135
0.22972972972972974,0.1053705638698128,0.8598667083817877,0.8584820484246259,0.8456418484217885,0.9155577406314871,0.9347292565497405,0.08749792564274343,0.8368388965096785,0.11072063505188738,0.49015135455971515,0.21729047480526195,0.0,0.020483193277310924
0.22972972972972974,0.12467338896645608,0.7372832830587415,0.9649378053625138,0.8424727168750298,0.7254561346006775,0.7625758144188082,0.17065660321694398,0.8222416205955301,0.060776450159176425,0.3689066010938229,0.35652816833123235,0.0,0.037289915966386554
0.11266499057196731,0.22470322471484902,0.6140210031699556,0.6752722788878741,0.6604104779908183,0.6844477220583416,0.639154630150691,0.20697475737702908,0.5914494741655236,0.0472154463141357,0.11430872938483067,0.37285464947154073,0.0,0.19380252100840337
0.22972972972972974,0.2006240966936566,0.6573673429632296,0.65125085772364,0.6486950167590666,0.7706380421719656,0.7045582442318514,0.2236618090853775,0.545170497845395,0.06375325588125853,0.11843812269470474,0.6137399398817027,0.0,0.07142857142857144
0.22972972972972974,0.35771899891377207,0.5275113191619982,0.4521764253690145,0.4629711998220839,0.6597727521031357,0.562847808416182,0.12452904407471375,0.3594241454323759,0.14900566419977676,0.5330309068554713,0.646752480687805,0.0,0.21638655462184875
0.22972972972972974,0.3526985853205534,0.4731321169046592,0.8383403756958523,0.39429079760448604,0.42638206052660343,0.4888935784405677,0.2880621508165285,0.5898768203294953,0.08690618927523049,0.4612625598846823,0.2820711723067972,0.0,0.10714285714285714
0.22972972972972974,0.06760444772221497,0.9424508420748157,0.9237361151955092,0.9967434989118521,0.9171910848902001,0.9129072094041143,0.04489216415387736,0.9396641310221558,0.03534956794972507,0.3929367872132955,0.024160444746113317,0.0,0.01050420168067227
0.22972972972972974,0.286346980712674,0.6896631110428977,0.6351953030279578,0.7897412273037759,0.7264202993554028,0.6405224160570249,0.05755342622356347,0.5367945573706892,0.06859056517964196,0.5672022724382075,0.6788842561168751,0.0,0.019957983193277313
0.22972972972972974,0.1677621509637205,0.7759897994722643,0.794393969880357,0.7789947737128878,0.7354801704359228,0.7132886262739948,0.15304146870640012,0.6900763464549473,0.06610989374457353,0.3221181159113071,0.30718510617667016,0.0,0.02888655462184874
0.22972972972972974,0.7371250996139435,0.20523249293105783,0.15151139934064906,0.2058188114565297,0.6552387195455043,0.4456168323641593,1.0,0.25725707001427167,0.5073799975193286,0.9338703523127148,0.79888651863344,0.0,0.4711134453781513
0.22972972972972974,0.22360278931957703,0.7857771113852765,0.31907835337698043,0.636979555527315,0.9674177865180816,0.8887716500969174,0.050632755791298154,0.7609635449141623,0.02637780625956092,0.8528511468181625,0.18675862180419533,0.0,0.08981092436974791
0.22972972972972974,0.3104428994147802,0.5129484129560868,0.43375277954051794,0.6104668710584422,0.5842647219490877,0.6505033452135309,0.2561262684310484,0.5391639301104323,0.044155951544217975,0.41017509645143513,0.8036741652929958,0.0,0.04149159663865547
0.22972972972972974,0.20146621392102437,0.8415612474395376,0.6047867428170481,0.6587266286476784,0.8179995629848138,0.7807087475770649,0.019286912803240304,0.7293857643651882,0.03634183652375243,0.28344427014881085,0.18912618378098836,0.0,0.014180672268907563
0.22972972972972974,0.10277704946405437,0.8170280337420234,0.7363370428268506,0.8213928293434576,0.9129165300994211,0.867223160132558,0.11564772189476402,0.7980698618558701,0.009674618596766858,0.3382202060457032,0.17297747179934708,1.0,0.018382352941176475
0.22972972972972974,0.3752833427404199,0.610231223768174,0.6548416887224173,0.6063763879843053,0.6463563858844096,0.5672950665916339,0.12162187079366445,0.5495074198777903,0.13565138297432505,0.48165514902276685,0.5848322505575487,0.0,0.06512605042016807
0.22972972972972974,0.16218893649118682,0.8047791361428073,0.8167180011040772,0.8161188861177742,0.7747814924068612,0.816052335396736,0.022323157202475713,0.7464286209142177,0.02315293339397197,0.3963284860304406,0.4424270338407834,0.0,0.0036764705882352945
0.22972972972972974,0.20851959149564928,0.7919576394750978,0.6981019156257899,0.7427761274642182,0.7020075385119634,0.6828846995560558,0.2085359032827088,0.6555472419669951,0.08703022284698392,0.5834230720312037,0.3453489123759656,0.0,0.33035714285714285
0.22972972972972974,0.27085176541093897,0.6932757979492689,0.941024728237036,0.5526838334577688,0.44184420408609204,0.557673669730507,0.09189248990479468,0.7250696263041942,0.03410923223219085,0.18120998855301654,0.35600294127153426,0.0,0.2468487394957983
0.22972972972972974,0.07254219950170426,0.9086143692850775,0.5720204099532056,0.8452129434004225,0.9974188790560473,0.9594979053335835,0.0972704531625497,0.869365811752643,0.004093107867862902,0.47803451053546453,0.15668735253240246,0.0,0.18855042016806722
0.22972972972972974,0.32206850856130986,0.6645395890273489,0.6668678770243566,0.7547934107480421,0.6153829345569759,0.5532264115550554,0.11971038899576524,0.5753349683390836,0.1125397941042709,0.5774197651248569,0.5450523610976437,0.0,0.11974789915966387
0.22972972972972974,0.33066404559832296,0.4714674474478019,0.6921223565344352,0.5078950294673635,0.5629438435485634,0.582309447883449,0.38726867075187,0.5313353008826259,0.07905072973084715,0.6426251748844704,0.4012088302789359,1.0,0.08665966386554623
0.22972972972972974,0.271342569929957,0.5397307013453125,0.6411645436394309,0.6089736461692428,0.7005353436031903,0.7110376414681423,0.28622442394330705,0.6430422191739065,0.07065779137553231,0.42427608428371566,0.46768641520411125,0.0,0.045168067226890755
0.22972972972972974,0.21676123264263358,0.61871395429833,0.2845166050137493,0.6820701815697924,0.9396454714301323,0.8009988745075971,0.23385842742208102,0.5519045045794018,0.08533509736635383,0.35133760122101165,0.3050922783541808,0.0,0.26260504201680673
0.22972972972972974,0.06613461734683994,0.8758758699668836,0.8742074117640988,0.8968801131038426,0.9522260461051023,0.9216923028825111,0.000934229045918587,0.8641559629213951,0.09612601810890146,0.2303896214016196,0.07791137399398815,0.0,0.004726890756302521
0.22972972972972974,0.46872348202557607,0.5518379249482004,0.27503392200261045,0.5182761195215326,0.7102698568775266,0.5682642406052647,0.27617531545595914,0.5131423979160605,0.15607557778972175,0.7085852376308984,0.5010787355764569,0.0,0.18855042016806722
0.22972972972972974,0.6039672504226731,0.6414231152931175,0.5839021395368034,0.5382678591285286,0.5864853053643615,0.5996451572562996,0.06627494606671133,0.5956755483504454,0.2139992557985695,0.48392758723025403,0.4290418242347845,0.0,0.05567226890756303
0.22972972972972974,0.1853549097888378,0.7948678594830079,0.8287545078858981,0.7945703801369319,0.8180541898830985,0.7412149065216032,0.041597777518269714,0.7589267157168392,0.08529375284243602,0.5113155551787002,0.11315006949158019,0.0,0.05619747899159664
0.22972972972972974,0.33691147048908665,0.6128935142825097,0.6799929834336804,0.7974615176883608,0.7531273899268001,0.7127649596698555,0.13018973454373362,0.7187582269886796,0.16690784305618722,0.6278628057828466,0.4586686706099098,0.0,0.12920168067226892
0.22972972972972974,0.40403802960067886,0.37893661859589245,0.38148967894049846,0.17476291083541173,0.5734895662624278,0.5935018445569937,0.46791353464330276,0.393121891064278,0.11886550626369538,0.6616950014838683,0.6387609489640905,0.0,0.2872899159663866
0.22972972972972974,0.09624159981607745,0.8477063570302769,0.7785138293426611,0.7660720242728472,0.9341609308423469,0.8937425748765084,0.10095819939643888,0.9092086849288497,0.014884028610410549,0.28931190910247173,0.19535618475063835,0.0,0.038865546218487396
0.22972972972972974,0.2594586426155231,0.8108593118185627,0.6643553271732008,0.6759622563581198,0.5956407735168798,0.630142875007816,0.30079102156716925,0.5993612392789348,0.05602182990862861,0.29583245007843306,0.5068077507353178,0.0,0.22741596638655462
0.22972972972972974,0.10567408771710028,0.9559452902250845,0.7158548602619861,0.9030198090578386,0.9371271714192069,0.8964468830113175,0.02787321528447889,0.8723379196630227,0.014263860751643445,0.29199983041505917,0.24705872846569055,0.0,0.23109243697478993
0.22972972972972974,0.31802712082444823,0.5007290307727725,0.5312882106208112,0.4759972041746756,0.6842237517753743,0.5382432939410993,0.31921746024916875,0.38177384267919245,0.1296150824823252,0.4910586339933014,0.38846601376902934,0.0,0.4196428571428572
0.07165304839723444,0.4870214494490719,0.41174005182907025,0.8895200359083099,0.20052898285968457,0.0,0.07357124992184072,0.09235960442775398,0.5273170664117166,0.1189895398354488,0.17828464832322893,0.5969124729306052,0.0,0.21271008403361347
0.22972972972972974,0.08778167981721406,0.8914954280620767,0.874542762360249,0.9168480246540961,0.8234950289522562,0.8683799162133433,0.11628078499824832,0.8789749345304901,0.02993343531649233,0.3022512400898801,0.3106516047706777,0.0,0.0015756302521008404
0.4068196103079824,0.3682260903932765,0.6512576518715725,0.3551930329623839,0.7106479642896857,0.609128154703376,0.5679984993434628,0.3440359924032428,0.32628756702830775,0.18063422499689916,0.4347394751346081,0.8214834028249134,0.0,0.060924369747899165
0.22972972972972974,0.5760830957882515,0.783663807606713,0.8226769232356688,0.8206541595844388,0.520679012345679,0.5801678859501032,0.6472609264847788,0.6584362139917695,1.0,0.6221732310170858,0.5055350851675877,0.0,0.0
0.22972972972972974,0.10275380082894299,0.9538201802801602,0.9462355605772157,0.9873790726120316,0.8060854364689174,0.8461201775776902,0.030282542823953144,0.9560973244100817,0.01843965766734196,0.5436469241531352,0.2865558033549888,0.0,0.0063025210084033615
0.22972972972972974,0.10654591153377703,0.9006452069916117,0.9940668740681121,0.8861177741417928,0.6866491860592157,0.8164822109672982,0.05519326863387441,0.9203281096285212,0.019266548145698104,0.3727646584983254,0.03244691166488898,0.0,0.15441176470588236
0.22972972972972974,0.09341043269584715,0.8621689108221223,0.837716107663019,0.901796635478388,0.8722850431552498,0.8846057650221972,0.019944560881617203,0.8134430727023321,0.034357299375697696,0.21591554669945312,0.21999337405863148,0.0,0.039915966386554626
0.22972972972972974,0.2213644623946869,0.7779201076722372,0.8180594034886779,0.7965083954186589,0.621766087621545,0.6607734633902331,0.21436254233225369,0.6380609940280723,0.04535494273783438,0.1271547886547675,0.37795339215876395,0.0,0.060924369747899165
0.22972972972972974,0.280847386917993,0.6109041752507334,0.7773994335154544,0.592802338326635,0.5887577843330056,0.5812777465140999,0.26193446874942383,0.645771847417938,0.07289039566709389,0.3425700597786917,0.2887455961731148,0.0,0.3167016806722689
0.22972972972972974,0.039367688788604034,0.9999999999999999,0.9848524715338935,0.9666010071325317,0.890139844859609,0.9191052335396737,0.04754119519855441,0.9451303155006859,0.013850415512465374,0.3700428201975665,0.0954660784123598,0.0,0.0036764705882352945
0.22972972972972974,0.11273263165508324,0.8080022195592758,0.8056256352314176,0.8034026465028355,0.7975445209221022,0.8405005314825236,0.23125856632718914,0.819304152637486,0.044486707735560425,0.4235723067791581,0.3276366398396845,0.0,0.05724789915966387
0.22972972972972974,0.1412083348940056,0.7862788734556058,0.9525969034241875,0.9574351479722324,0.7267781055391676,0.771228037266304,0.13310305406850606,0.7898601931523743,0.06784636374912142,0.4437105185059567,0.18193461327127575,0.0,0.04254201680672269
0.22972972972972974,0.23644766021861463,0.5804914907055955,0.3990568909388268,0.690958046734762,0.705640227247897,0.6579362846245231,0.20805035002858005,0.6838896509678403,0.056393930623888866,0.5900453639716794,0.5895431332622256,0.0,0.08245798319327731
0.22972972972972974,0.23301977813052555,0.660590426379698,0.7013470775485354,0.5810630490381408,0.6637577843330057,0.5905786906771713,0.2770050583585842,0.6670684901137576,0.06181006325712159,0.3006401831517362,0.35405556094249974,0.0,0.45588235294117646
0.22972972972972974,0.12677997362571505,0.7969516478456697,0.7320806698757139,0.9232736572890026,0.9091445427728615,0.8463859188394923,0.09923725115395726,0.734574829225035,0.0636292223095051,0.23562979607410867,0.14115679239794432,0.0,0.11817226890756304
0.22972972972972974,0.3278225457513765,0.6799466361280496,0.60700521599158,0.7473590570443678,0.7017644488145964,0.6225145376102044,0.11681550820216224,0.6288051987640466,0.07793442758506636,0.9110187815322,0.7295646271695917,0.0,0.0015756302521008404
0.22972972972972974,0.15070411074616494,0.8123586949463704,0.8004870322504087,0.7972550078632588,0.7343220801922867,0.7539783030075657,0.14258670813332433,0.7763575397320254,0.017199321949807746,0.23925891380845385,0.303197420731116,0.0,0.0063025210084033615
0.22972972972972974,0.26717460629082235,0.471178196371965,0.5138448203810613,0.5780210004606758,0.7603190210859829,0.5967220033764772,0.32397465289088573,0.41175125743026975,0.1109273576714764,0.20022893967015734,0.3644873783897346,0.0,0.10399159663865547
0.22972972972972974,0.14236172551369797,0.8745830947503881,0.8538129362782274,0.8814951311337389,0.8271850759313887,0.8218986431563808,0.05471386162346882,0.8023097920217263,0.07317980733451855,0.5323356085979566,0.24109134102588964,0.0,0.005777310924369748
0.09710873664362038,0.32614089447831995,0.6367419703311039,0.6861170012433767,0.7202506711569316,0.65773790014203,0.6120881010442067,0.06567876042556592,0.5667996840836347,0.09955761359407947,0.30360791961673805,0.3582533372119331,0.0,0.5561974789915967
0.22972972972972974,0.3179728740091884,0.6657497210793196,0.6615538598853616,0.6020317389715811,0.6300092865727085,0.6990558369286564,0.0600856786375007,0.6759155339402254,0.06921073303840906,0.6872090558358419,0.6298038074921619,0.0,0.04936974789915967
0.22972972972972974,0.17409869562241115,0.835581424177848,0.7897300169738993,0.9016933805658369,0.8073254670599804,0.759113362095917,0.038715189212113026,0.731637361266991,0.030057468888245755,0.3507779709161827,0.30620333559584983,0.0,0.058298319327731093
0.22972972972972974,0.4628157455256064,0.6282592398009479,0.6693907453553941,0.538402884783403,0.5298836447066537,0.5339679859938723,0.28026871377557605,0.6035596015019884,0.20924463554802167,0.4332556069021072,0.4368353857590742,1.0,0.08403361344537816
0.22972972972972974,0.236098930691944,0.7877959658329545,0.7924644141425085,0.8117424663627266,0.6683082049601226,0.6958356781091728,0.028297306101376145,0.7301132033642322,0.041923347252656396,0.277568151948107,0.37011538834480745,0.0,0.053046218487394964
0.22972972972972974,0.5465198730624523,0.34546023388015556,0.3755617122485515,0.48940445743514804,0.5894488145963073,0.41407959732382915,0.21098210828452194,0.38448268695182275,0.255261090668541,0.6040022046042313,0.4865663078961827,0.0,0.37342436974789917
0.22972972972972974,0.25268554025307427,0.5439218904033576,0.10919531334643773,0.6671855887912821,0.9803397793073311,0.6950071906459077,0.06670518312733173,0.5940128306383451,0.05635258609997107,0.5900114469835079,0.42311079866834733,0.0,0.1171218487394958
0.22972972972972974,0.18353764147763155,0.7461024893301771,0.5985750179283587,0.6939524391987419,0.9162132634109037,0.8480507096854873,0.04244595915206422,0.6818043258372477,0.07834787282424444,0.4618476279306398,0.20065693784543778,0.0,0.06722689075630253
0.22972972972972974,0.2621438599708875,0.7520173786768829,0.6241132556351797,0.6808708360470843,0.6448022506282094,0.6438363659100856,0.23710364410790347,0.5083482285128376,0.05527762847810808,0.1794717429092297,0.5439493842722777,0.0,0.11817226890756304
0.22972972972972974,0.8413009419571992,0.025572156337254848,0.3644641871359511,0.0,0.18601278269419874,0.02621459388482439,0.22738028653788242,0.2031771764282052,0.13056600653243478,0.7524653410777125,0.811879828048741,0.0,0.4411764705882353
0.22972972972972974,0.05469241409952223,0.9106981576477393,0.7525164192811113,0.9695080300551222,0.9786518081503334,0.8971815794410054,0.08912053398565467,0.8702733785038312,0.05461611609542317,0.4062492050705898,0.25126862535957845,0.0,0.0063025210084033615
0.22972972972972974,0.3036232997821086,0.3509205858219747,0.10219422474681017,0.3529173484138458,0.8723178192942206,0.6661820796598512,0.3540912471343139,0.3324049826107439,0.0892628271385455,0.41909526434052663,0.5048765312388894,0.0,0.02888655462184874
0.22972972972972974,0.20167286845534776,0.6879630230869582,0.6169883452769738,0.7952375657257232,0.7932208019228669,0.7156255861939598,0.18943337779116295,0.6012872206287845,0.08041509902013477,0.5315046423877561,0.4877177672193671,0.0,0.04359243697478992
0.22972972972972974,0.34782024671968215,0.4437701811656227,0.5441708327529187,0.4023367380978857,0.5572790341964384,0.53237353842306,0.3547796264313065,0.40305662939407794,0.05647661967172448,0.3250688938822233,0.48865509551052067,1.0,0.4800420168067227
0.22972972972972974,0.11685409802399516,0.8867080276028169,0.7821562527408461,0.8643548156502676,0.9344094832295423,0.8724676420934159,0.12656345074707595,0.8049632123706199,0.04919998346219044,0.25406367914529193,0.1809851643556676,0.0,0.01207983193277311
0.22972972972972974,0.2670054078908451,0.7925302385435913,0.7220511074308531,0.753959428762053,0.751029717032667,0.7286625398611892,0.16733763160644374,0.6722921949259398,0.0979865216852028,0.55334718277017,0.4322739907560037,0.0,0.07457983193277311
0.0549968573224387,0.2495986381466188,0.6075571270874777,0.528352603094512,0.7049848294705405,0.7293346443788923,0.7634043018820734,0.3262303243372813,0.5915741779939312,0.02993343531649233,0.5446389960571502,0.6770540418242347,0.0,0.01050420168067227
0.22972972972972974,0.18854643075329452,0.7437294498916783,0.7089105233017071,0.8640291655414529,0.7376106194690266,0.7369005189770524,0.2002507667439045,0.683945074891577,0.1154752553024352,0.2328062068088354,0.5277966320824848,1.0,0.2620798319327731
0.22972972972972974,0.24394921981455336,0.5661410954941766,0.7052784183834037,0.601618719321377,0.6967824756910304,0.6737009941849559,0.05738747764303847,0.6232697343808455,0.035473601521478486,0.379760037308687,0.3926920714955234,0.0,0.059348739495798324
0.22972972972972974,0.10332080920749277,0.9653075801491118,0.7333859575807291,0.9620339629235437,0.9127471867147384,0.9266710435815669,0.03428989373144603,0.929105873550318,0.028279654359780047,0.633018187984907,0.23266346682181063,0.0,0.04306722689075631
0.22972972972972974,0.25922228149189075,0.8148911176307385,0.6124740103287982,0.7812107829899446,0.7601059761826725,0.6670809103982993,0.3764574280428516,0.7162364384586608,0.10778517385372306,0.5174545300377327,0.26554672096706416,0.0,0.019432773109243698
0.22972972972972974,0.19769218548794362,0.7766155262893808,0.715292503108442,0.7656192911947388,0.7126078881241125,0.701971174889014,0.1282290827960492,0.6716756037743692,0.04535494273783438,0.17429940221308352,0.38863570251139334,0.0,0.07720588235294118
0.22972972972972974,0.1860213706620307,0.9588850256488963,0.8801818116155127,0.9827564296039777,0.8802906150988747,0.8660585881323078,0.190263120693788,0.9229746019869478,0.10654483813618887,0.6731589434858185,0.23339474449723646,0.0,0.019432773109243698
0.22972972972972974,0.048955167590369386,0.920886879217015,0.9050854628096188,0.9861320709758383,0.9331721839833935,0.9454761458137936,0.013251301467108378,0.9193651189535964,0.010708231694712035,0.3734260397676687,0.105784770031352,0.0,0.0
0.22972972972972974,0.1198389644541285,0.8831838869441508,0.8696053697369303,0.8810344553700498,0.8483721184311156,0.8861533170762208,0.042384496714832735,0.8731554225381386,0.06879728779923099,0.30594819180056815,0.25933692103817185,0.0,0.004726890756302521
0.22972972972972974,0.09330710542868545,0.9292161295844819,0.9712269188503149,0.7907102349446395,0.6768245384027096,0.807009316576002,0.09150527655023633,0.9293344972357319,0.0,0.23556196209776575,0.06130207828307314,0.0,0.04149159663865547
0.22972972972972974,0.22136058762216834,0.7608897126969416,0.7079870193523089,0.8638544264586743,0.802441822353327,0.8283311448758832,0.032439874370778304,0.7128486511202561,0.012692768842766775,0.38941789969050755,0.36358641197194475,0.0,0.16123949579831934
0.05358265241986171,0.10457106914014923,0.892097542546472,0.7975772209238134,0.8972057632126574,0.851851851851852,0.8885059088351154,0.03756584163588423,0.8242091698881824,0.011452433125232564,0.37745368211302843,0.3002480687805035,0.0,0.02888655462184874
0.22972972972972974,0.4187337501727503,0.3539311582439507,0.26167664979595195,0.46868199075471395,0.8963017589861249,0.7143046958044144,0.4611465203041162,0.4458785384711311,0.7795509984702528,0.536134311273159,0.44039884934871837,0.0,0.0
0.22972972972972974,0.20673202977375205,0.736368305165788,0.6684827191258182,0.6626662006957793,0.7636075603627227,0.7215891327455761,0.19725754605073112,0.6566557204417287,0.12159424484227063,0.49693475219400524,0.2797036103300042,0.0,0.2657563025210084
0.22972972972972974,0.23474921826464434,0.8414786042750128,0.6609244326125874,0.681776302203301,0.6557467496995522,0.6671434377540173,0.042501275345572555,0.7340136619972012,0.12916029271922935,0.4491541951074745,0.36956187982804867,0.0,0.15178571428571427
0.22972972972972974,0.21724170443493543,0.737153415228774,0.6682299163687204,0.7888039904052359,0.6608215885502022,0.6706996811104858,0.0326549929010885,0.6637361266990898,0.04440401868772481,0.4531055242294485,0.6450151911826496,0.0,0.012605042016806723
0.22972972972972974,0.3253594820204097,0.6934292781119578,0.6780840646555948,0.6781464948928532,0.6375423358461707,0.6558025386106421,0.06502725859091217,0.569993487688961,0.08033240997229918,0.5699156314919236,0.7585814021138368,0.0,0.04569327731092437
0.22972972972972974,0.3321119189294262,0.63701941524058,0.3055817816919211,0.5291655414528761,0.6584917513383591,0.5418855124116801,0.0806264251602633,0.427962755123249,0.10534584694257246,0.42154576673591393,0.7815419050389475,0.0,0.17384453781512607
0.22972972972972974,0.20848213536130317,0.7423776438433793,0.8273460353820674,0.7299566329367286,0.7052332568556758,0.6259457262552366,0.17742976379985376,0.7127100913109143,0.08603795427295655,0.4133548140925086,0.3233176573257054,0.0,0.12394957983193278
0.22972972972972974,0.2217842294175313,0.9292279357508426,0.9845893502969141,0.9463789296436911,0.7325385119632908,0.8119411617582692,0.31881795440716404,0.9143423258649597,0.047132757266300083,0.5842286005002756,0.2715625909046834,0.0,0.11186974789915967
0.22972972972972974,0.023058771257970727,0.9775387684987868,0.9510026982824888,0.9902781528490413,0.9116164099202448,0.9251469392859376,0.007621342216704262,0.9480054315445263,0.0076900814487121175,0.28981218467800063,0.055783153948091406,0.0,0.1355042016806723
0.22972972972972974,0.09223379344104339,0.9520138368269747,0.7071202670422592,0.9566091086718241,0.8897137550529882,0.9155724379415995,0.022814856700327596,0.8984495157334664,0.0015710919088766694,0.31780217916649006,0.291816154368273,0.0,0.0015756302521008404
0.22972972972972974,0.11628321487292684,0.7396090978317975,0.7912777889561309,0.8138631634128132,0.7166393532175244,0.7373382104670794,0.10917572725428855,0.7541394743040835,0.01877041385868442,0.3353372620511299,0.5442402792591874,0.0,0.02573529411764706
0.22972972972972974,0.22826155747772972,0.9207983329693098,0.7324676128712717,0.9256326349065146,0.9061455260570306,0.8426186456574751,0.1574667641870671,0.8241537459644456,0.2571629387687601,0.47319286047399,0.27151006819871354,0.0,0.001050420168067227
0.22972972972972974,0.2504407553739866,0.7397861903272078,0.6993814071311013,0.688805578942352,0.7350950508030155,0.7079112736822359,0.21746024916872056,0.6797952086017931,0.04845578203166991,0.5339890617713148,0.36134005623969745,0.0,0.3177521008403361
0.22972972972972974,0.21738894579064086,0.7551991405110888,0.5401311478792943,0.8149036552239043,0.7824483775811211,0.7610126305258551,0.38138056926509367,0.7189868506740935,0.048745193699094566,0.6623902997413831,0.6292987814732215,0.0,0.005252100840336135
0.22972972972972974,0.4408212451194011,0.5542286736362401,0.37155814205451243,0.4905879175866945,0.5114088277067629,0.44288126055149113,0.614052771648607,0.3149672306050907,0.09029644023649068,0.21402467460889477,0.3567867416529299,0.0,0.12710084033613445
0.22972972972972974,0.24274158237960114,0.6245166850646091,0.692060445655146,0.5954949087385427,0.6894870534251066,0.6805555555555556,0.2778163625300398,0.6575147912596473,0.10187290693347666,0.23004197227286222,0.46478958595946857,0.0,0.30409663865546216
0.22972972972972974,0.357773245729032,0.44259546761273405,0.6242370773937582,0.6284570538990644,0.6203375942313996,0.5522806852998186,0.09572774598803942,0.5310304693020742,0.13718113035928392,0.3585110442192734,0.4421118976049645,0.0,0.06355042016806722
0.0,0.47771295426864313,0.2808096668890161,0.26642315054146215,0.3181601563120523,0.5888096798863762,0.42858594385043447,0.08446168124350803,0.23688185005057427,0.10865340885599703,0.5177343451901472,0.4188079769869743,0.0,0.2190126050420168
0.22972972972972974,0.2283196790655082,0.71108539990437,0.7439675586992522,0.7283839811917205,0.6714246695072654,0.6827049334083661,0.2827825274583438,0.703724487675105,0.058915946582875106,0.31692033747403237,0.5298652186560651,0.0,0.031512605042016806
0.22972972972972974,0.24717561373167718,0.6037850569352372,0.6387242231474458,0.7009578878810503,0.760668633235005,0.7100762833739761,0.08488577206040529,0.5355821590389492,0.08442551784016207,0.25711620808072244,0.4091478392966805,0.0,0.1948529411764706
0.22972972972972974,0.09321798566075849,0.9407566572020566,0.6788837468464145,0.7961827453098442,0.9168414727411779,0.8716078909522916,0.0,0.8181263942580816,0.038863852482738666,0.3722898206639251,0.1605376709008048,0.0,0.11659663865546219
0.22972972972972974,0.1599803161556057,0.8413664456945862,0.7261784993834708,0.7902019030674652,0.8098628864853055,0.7413008816357156,0.1597838980706941,0.7044519266741489,0.03514284533013603,0.4978674693687201,0.3728384886389346,0.0,0.01207983193277311
0.22972972972972974,0.1449384492385426,0.8005230131697785,0.7520572469263826,0.7417674063954505,0.8142576204523109,0.7790283248921404,0.012224878765342562,0.6663479791051807,0.04204738082440981,0.3469707889939374,0.31178286305310443,1.0,0.13182773109243698
0.22972972972972974,0.35968609176236277,0.7665684787164335,0.6601453873815308,0.7395275690616512,0.6396673221894462,0.658241105483649,0.5354730456481522,0.6653503484779206,0.5369826766444785,1.0,0.48901871424415777,0.0,0.44590336134453784
0.22972972972972974,0.0653622460248063,0.919381593006027,0.786974982845527,0.9486902511477181,0.9914863979023272,0.9116801100481461,0.018875114473789346,0.8617103822865141,0.04270889320709472,0.2782888879467504,0.10134458127282715,0.0,0.00892857142857143
0.22972972972972974,0.3205289322806007,0.7961724408658641,0.6221269482579825,0.8663007736175756,0.7197203102807823,0.7336178328018508,0.29625509369948555,0.5747668731207827,0.06610989374457353,0.2780260312884216,0.48982675587446256,0.0,0.1334033613445378
0.22972972972972974,0.12110472347685919,0.8599021268808698,0.651544934400264,0.8906848183507807,0.8964629083360648,0.8727568311136122,0.17119747266458107,0.8084479915755637,0.025096126018108903,0.385687030991648,0.12449497398105948,0.0,0.08350840336134455
0.22972972972972974,0.07280051766960849,0.845126709680466,0.8768541018537148,0.94795952407428,0.8438981754615974,0.8634793347089351,0.13516204571576082,0.8087389671751812,0.02426923553975276,0.26929240683427313,0.24419422088626003,0.0,0.06932773109243698
0.22972972972972974,0.09282663363638359,0.8641877652698003,0.8761782414214737,0.9479198106463758,0.9008931497869552,0.8707715875695616,0.10609645914899109,0.8297377062809163,0.038285029147889366,0.445050239538729,0.16259413684993052,0.0,0.0934873949579832
0.22972972972972974,0.16688257760200662,0.7344675123817168,0.7571906906674508,0.8316071230004289,0.7462444007429259,0.7387216282123429,0.017824106797130937,0.7047844702165691,0.007317980733451855,0.249493364989189,0.5292713080577911,0.0,0.031512605042016806
0.22972972972972974,0.2675711246785553,0.6272852310761909,0.6196969462458789,0.6112929103588505,0.7721921774281657,0.7081301194272493,0.03943429972772141,0.5564215543639413,0.09046181833216191,0.27793275957095015,0.4856168589805746,0.0,0.1475840336134454
0.22972972972972974,0.10463435709128575,0.8379485605331664,0.7602449607123878,0.8770233991517211,0.919195892057249,0.81641968361158,0.15577040091947808,0.8188884732094609,0.021003018150245998,0.23840250985712474,0.19058873913184005,0.0,0.06985294117647059
0.22972972972972974,0.08980947743526224,0.8817140192322449,0.8098871674224952,0.9155057107909327,0.9132224407298155,0.8867395110360783,0.007240275105869049,0.8345180197032049,0.010584198122958615,0.2155594183236529,0.16280018746565822,0.0,0.01050420168067227
0.22972972972972974,0.29604036996328004,0.4986629516596518,0.5915739293287312,0.6710695620403171,0.5688817873921119,0.6383964859626086,0.3890203502129674,0.5324853473001622,0.10985240004961343,0.6016195361851868,0.7052910565952357,0.0,0.1717436974789916
0.22972972972972974,0.29029537390909005,0.5854736929098067,0.6147698721024417,0.5855744944480628,0.47968971921774284,0.5149831176139561,0.2826903338024966,0.4785786534757729,0.06044569396783397,0.5806503582481877,0.7086969520669704,0.0,0.04569327731092437
0.22972972972972974,0.0778209312628271,0.9639793864335342,0.8027055054249407,0.8518371431748503,0.9391756801048837,0.8969158381792034,0.11230416530937119,0.8893184242978482,0.10406416670112044,0.41124348157883583,0.16537380005817898,0.0,0.06565126050420168
0.22972972972972974,0.1128772898291096,0.7937816921778245,0.7371522027374926,0.8819875776397516,0.9103763793291818,0.85313887325705,0.026902108776221414,0.7634853334441812,0.01500806218216397,0.3213295459363209,0.22497091050130902,1.0,0.029411764705882356
0.22972972972972974,0.14730464365654533,0.9274629138799194,0.9999999999999999,0.9557036425156074,0.8639517098219165,0.9000187582067154,0.09644685650364779,0.9220323952834242,0.0741307313846281,0.5293848306270403,0.021162610297682533,0.0,0.1255252100840336
0.22972972972972974,0.3356392535121584,0.5090051533916163,0.6476703452047443,0.5090943749900717,0.7663170545176445,0.6812433564684549,0.058868722380317276,0.5992573194219286,0.2662587340306777,0.3085937168779413,0.3196127864507579,1.0,0.39233193277310924
0.22972972972972974,0.3900061867201213,0.5666959853131289,0.5444649094295427,0.3847754602786294,0.5793373757238065,0.5071750140686551,0.27047774752460035,0.42656330104889784,0.08219291354860049,0.23794463051681014,0.5280228837389702,0.0,0.3245798319327731
0.22972972972972974,0.1706604808076059,0.8216442447890533,0.7431162841090249,0.8338390176486474,0.7931443242652683,0.7426139561057963,0.01609086606720303,0.6977525598924776,0.055815107289039566,0.43305210497307844,0.24618200329680984,0.0,0.021533613445378155
0.22972972972972974,0.1352980152123569,0.7175492759868478,0.8411005690641653,0.8864513669361884,0.8103272151207256,0.7540330144438192,0.043878033939557845,0.6700683099860055,0.102658452887915,0.23518887522787982,0.3045428100455735,0.0,0.11974789915966387
0.22972972972972974,0.09185019096170562,0.9209636192983595,0.8548189880666779,0.9605963368334102,0.9311755708510872,0.9430375789407865,0.10313396967443347,0.9253786146790263,0.0035969735808492162,0.32773137745368214,0.2559795080642554,0.0,0.01365546218487395
0.22972972972972974,0.3268318955774638,0.49986718062844215,0.5940555237402425,0.7494003272386459,0.6650142029935541,0.6195601200525229,0.24250004609682793,0.5513086973992325,0.0641667011204366,0.38764573705854927,0.6308098193218914,0.0,0.14285714285714288
0.22972972972972974,0.4110746164943899,0.42943749520374486,0.36650724615249675,0.44520341217772563,0.5916311591827816,0.4780060026261489,0.07647156440341486,0.3226088040902856,0.12246247984454459,0.2892779921143003,0.6496897120139629,0.0,0.12447478991596639
0.22972972972972974,0.056468351503863784,0.9189506679338618,0.845202164817079,0.920581086877095,0.9486370588877965,0.9441865191021072,0.047725582510248866,0.9081071344445831,0.0022326042915615826,0.3013100436681223,0.20474562849478006,0.0,0.0
0.22972972972972974,0.07534366003262558,0.9286199181832671,0.8301113879903211,0.9515655033279853,0.9140145307549439,0.8327315075345464,0.12155426211270982,0.820932230397251,0.022491421011287056,0.4716665960062747,0.2583793917062606,0.0,0.0
0.22972972972972974,0.23422741556547783,0.660590426379698,0.459677960242897,0.7038331400613176,0.7534551513165084,0.7483899205902582,0.24938998531047754,0.5604536448157847,0.012196634555753089,0.36935600118709466,0.7688273699861016,0.0,0.13865546218487396
0.22972972972972974,0.31597865775296774,0.5326115830298164,0.6300257446073043,0.5113500976950326,0.5411859499617613,0.4145251047333208,0.2582098450531958,0.5020091172354547,0.08463224045975111,0.2501547462585323,0.28838197743947763,0.0,0.2557773109243697
0.22972972972972974,0.10475834981187979,0.7720111214087116,0.6773669303038274,0.9068720115645502,0.9565333770348521,0.9151816419683612,0.06511330600303625,0.6795873688877805,0.020093438624054247,0.21444015771399505,0.2681930573063124,0.0,0.24842436974789917
0.22972972972972974,0.5525851836448434,0.293501295726758,0.31696822424120463,0.3091928642912741,0.5610182453840272,0.38271431251172383,0.14801384134086454,0.19760014410220172,0.12051928722040767,0.3386780853860178,0.708810077895213,0.0,0.2809873949579832
0.22972972972972974,0.16717706031341745,0.8557522594050873,0.5522605209800491,0.8044907944274118,0.8658663826067957,0.7926436565997623,0.2040614378522566,0.7266630641116238,0.06201678587671063,0.3858820536736338,0.29276964349203266,0.0,0.0625
0.22972972972972974,0.13629641493130673,0.8488161366681817,0.792294159224463,0.8770233991517211,0.8609800065552279,0.8831988995185394,0.08762085051720642,0.8388618697260674,0.049572084177450695,0.5410183575698478,0.2731261514593231,0.0,0.009453781512605041
0.22972972972972974,0.1404450047078486,0.7671646901176483,0.7725703849308918,0.8057298533780242,0.8409100841254235,0.7837882198461827,0.16374207902840182,0.8010973936899863,0.08103526687890189,0.4234959935557723,0.1546026051262161,0.0,0.24842436974789917
0.22972972972972974,0.17875488059888484,0.8896241506939073,0.8072714327725239,0.9337500595701419,0.8076696165191741,0.7994200587757143,0.03252592178290239,0.7871097809369414,0.13317071153925664,0.5438165090939925,0.47722938685801086,0.0,0.0015756302521008404
0.22972972972972974,0.4323677830747353,0.5658282320856183,0.7387102931996057,0.4109783800098489,0.47744728504315537,0.5660992309135247,0.07180041917382192,0.538651258815868,0.10286517550750403,0.492754483401874,0.6329066873525324,0.0,0.13392857142857142
0.22972972972972974,0.2370495415498315,0.5706510510439602,0.5575848565989258,0.7151514670140269,0.7192177428165629,0.6827518289251547,0.03631815416008507,0.5837178368042566,0.04341175011369745,0.36833001229490825,0.6987742008468276,0.0,0.0819327731092437
0.22972972972972974,0.18581988249106543,0.6964398505339338,0.5333157919175346,0.6624994042985815,0.8126543209876544,0.7359078972050273,0.06596148763683075,0.6458064873702735,0.0671021623186009,0.6291177343451901,0.1715795597789198,0.0,0.14075630252100843
0.22972972972972974,0.08014450318312562,0.8809348122524394,0.7320909883555953,0.8327429270384903,0.8888697694744894,0.8561636340899144,0.09106274700216963,0.8531335300882626,0.016703187662794064,0.3989909696018994,0.1887262031739875,0.0,0.16544117647058823
0.22972972972972974,0.057368590319010024,0.9217723416940667,0.9612437895649212,0.9796349541707042,0.8703348628864854,0.8773760395172888,0.002864149574987246,0.9217206357124054,0.0059949559680820275,0.29384830627040326,0.07791541420213968,0.0,0.0031512605042016808
0.22972972972972974,0.36407879220757416,0.6213526324799441,0.7456907448394701,0.6695445664087942,0.5222358789467936,0.5616363408991434,0.06081093539683224,0.636578404068116,0.0787613180634225,0.5952007461737399,0.7784026633052135,0.0,0.2190126050420168
0.22972972972972974,0.3084654738394733,0.7099579110169241,0.6712171162944274,0.8189147114422328,0.7282339123784553,0.7062230350778465,0.07577089261897592,0.7010987792880797,0.08649274403605244,0.6243354390130157,0.44973173017873874,0.0,0.08560924369747899
0.22972972972972974,0.12139016505239336,0.8836738428481195,0.8599524318077459,0.7665247573509555,0.8908991587457665,0.8773213280810355,0.0856479062820757,0.8283798201493675,0.07900938520692935,0.42638741679738845,0.20894744497236498,0.0,0.09926470588235295
0.22972972972972974,0.22837780065328664,0.8292533190085181,0.9665526474639755,0.7270257819573954,0.4780044794056595,0.5922747452010254,0.2039016355154548,0.8196644081417744,0.06296770992682019,0.34209522194429137,0.3086436213193703,1.0,0.2190126050420168
0.22972972972972974,0.609251148547154,0.420323134773292,0.23168598802024487,0.485726994011215,0.520282967333115,0.3753282686175201,0.1683025918709781,0.31636668467944185,0.14805474014966719,0.3687963708822657,0.7192095736772358,1.0,0.12920168067226892
0.22972972972972974,0.2976832735111509,0.6959321853804241,0.6308873376774133,0.7195914282537211,0.6474953567136459,0.6453135746889264,0.05258111505153626,0.6770725083482285,0.05841981229586142,0.6284478738288041,0.5112196580367819,0.0,0.0467436974789916
0.22972972972972974,0.42641742407706146,0.5618436509388853,0.5887157104015435,0.6519356324760528,0.6306019884190976,0.5115675608078534,0.7780775778882736,0.4681312438514085,0.17352296688303634,0.6731759019799042,0.59154303629723,0.0,0.05672268907563025
