fa_atr,fa_elec,fa_sol,hbond_bb_sc,hbond_sc,hbond_sr_bb
0.7635961026019054,0.7752369815671127,0.2331276923113117,0.8017744668040117,0.8103286683293356,0.7800775701955645
0.7013971855574401,0.7068633873953485,0.2949829197770631,0.6931636393688423,0.735858048323299,0.733177646673222
0.9341826274062944,0.9307446287140654,0.0938709408003237,0.9914700448044012,0.9364267446108878,0.8212881022615537
0.5033586278062795,0.5193851302795531,0.4701663674882896,0.5231253283590018,0.5212228558720275,0.5765077023926583
0.9467651852123268,0.9362562117991808,0.0697110125090282,0.9702838792701428,0.9637575256945878,0.9140937397574568
0.5938866205227997,0.5407852069668644,0.4063840274036414,0.5822860279924204,0.3490413178503916,0.7834972140281876
0.82908821670807,0.8135438171490095,0.1744891225329547,0.8355460056787659,0.7447697415450112,0.8974926253687316
0.5380562357846066,0.540879796448514,0.4395360696195533,0.5623336068428539,0.5611269082302108,0.6110482901780838
0.6177635175857084,0.6303170080775607,0.3571828101436762,0.5490634758534382,0.6033025686645168,0.5942313995411341
0.4771007736350739,0.4946388713252938,0.5099643456227811,0.4949144938401326,0.3855379580943909,0.5368185294438983
0.8852548703487539,0.9095178602716558,0.1143548569237248,0.953713924782914,0.9102317675652492,0.8491969845952148
0.7233649488674525,0.7111294365006208,0.2646125894888402,0.6767530681274829,0.7634827087734906,0.712684365781711
0.6843637126325017,0.6947749786062716,0.2913804278525266,0.7090134177080689,0.706748105669489,0.7386758439855786
0.4839158594919434,0.508174054803495,0.50615834966463,0.4855876224151874,0.5800860987116965,0.510772424341746
0.6028377268799787,0.6172573113225512,0.4066431127412346,0.5123167830557899,0.5425569093421868,0.5942505189555338
0.5528591069398284,0.5722473191182482,0.4349610519158787,0.5691811833320543,0.5317548569522328,0.5292991368950072
0.8756510810332245,0.8696474415132285,0.1178426572686229,0.9138031794006009,0.8612571682737367,0.8675516224188792
0.5791301375092528,0.5399015253664865,0.4024556937605428,0.591789991912776,0.6318644660132484,0.757065989293128
0.7012993553131299,0.7237891911520109,0.2812996261642665,0.7716097117524482,0.6991707836253593,0.6759860155140391
0.8120410258890955,0.8138079059031453,0.1818702608851131,0.8295543762507157,0.838318692316246,0.8082377362613352
0.9140911471029344,0.916381628564246,0.0786034329836514,0.9648943643264876,0.9437260726596876,0.8855621107833498
0.8052033777065088,0.8089482919298031,0.179570253591905,0.7315986139560692,0.8212101475750981,0.8205451764448816
0.4027846241901704,0.3672496933777204,0.6030730285399704,0.3657373246046409,0.2844990548204159,0.4260515677919809
0.8372139029412067,0.8515656146284855,0.1505432851903174,0.8605514660307078,0.8510190465600229,0.8209521468371027
0.5744918648375901,0.5905202294524983,0.3902466280675586,0.5593525498367796,0.5628584136868358,0.586376051567792
0.8644870617696914,0.8664307643084048,0.1170554025027467,0.8806455611766024,0.8466187987482328,0.9181579809898396
0.8970666991082827,0.8957249363266777,0.0944411638078075,0.9059107571884796,0.8971739924703341,0.9489019993444774
0.86745626383409,0.8548007018666504,0.1190469188548251,0.8422637143379986,0.8384457752855395,0.914885829782585
0.7945315781408246,0.7861725413717886,0.1852227839822328,0.7748268920857363,0.8130053533700815,0.8480607451108927
0.6111088949893406,0.6131937725840322,0.3653653191484356,0.6582882239393635,0.7066289653857762,0.6388725008194036
0.2947114450014431,0.3224250711643012,0.6857585995158251,0.0,0.1638258327905831,0.5633535452856988
0.4980857220368401,0.4822013067314699,0.4863278814641939,0.4346085960697271,0.5232800114374673,0.5412897410685023
0.5056130553919536,0.5421221562846774,0.479775757376139,0.4930904411374059,0.5621038585566552,0.4685786081066319
0.7792000265693948,0.8020311980233972,0.1954759171209237,0.7921111196377867,0.8576511890200315,0.8156178302196002
0.7637056652555887,0.7646778752028277,0.2286732478067441,0.7405358818911116,0.8408921224444409,0.7481181033540917
0.788723855002582,0.8033833832308719,0.1944381053656838,0.8530250349757678,0.8658400978538864,0.8021741505517318
0.7676708586264525,0.75353028260036,0.2269134672617297,0.6818887504943831,0.7471287191625233,0.8040697039222114
0.6158726141919917,0.6184126996218959,0.3705787866454301,0.5209588968318151,0.6211418404791028,0.6131268436578172
0.4310489008627652,0.4196617886426599,0.5730514782862373,0.4494135286860327,0.3421788375085384,0.2623456790123458
0.6243009965869518,0.6459522050141312,0.3388662707944656,0.6309451426480049,0.6911566138742832,0.6917404129793512
0.5756459729226822,0.5532418164227655,0.4071118778128845,0.6578809111999196,0.5314212641578371,0.6130612913798756
0.8593491689573444,0.8676775679457195,0.1285898464426789,0.8455340224199098,0.8779447506790996,0.8766797771222551
0.8225684265701889,0.8077668756522864,0.1553197483607926,0.7954876832169442,0.8255786246445649,0.8280891510980007
0.6647482071524738,0.6319986693989694,0.3346738524372254,0.6573142152146065,0.4862829820018745,0.674778761061947
0.1479288958232441,0.1710076255627756,0.8199315732391019,0.1399561991228016,0.0387364775777986,0.1726155358898723
0.7107959284568506,0.7118912309837051,0.2666458653391459,0.6444750092973559,0.7001239058950612,0.813263410903529
0.7002806211823416,0.6789963103753869,0.3002631436550265,0.7101409065955148,0.6715143524328446,0.6752130449033105
0.6445233383794726,0.6252847206880527,0.3451249020710358,0.5610762501254405,0.6556607520134707,0.6096853490658802
0.6032685770518765,0.6265975465139013,0.3855669175373424,0.6100069066073209,0.5969087067719338,0.7830301540478533
0.3136000825961619,0.3683390594885311,0.660168555450732,0.3381286045701669,0.6348588584772283,0.3814432426526822
0.6726688469694916,0.686807877970681,0.31045393162735,0.5955325466491148,0.657852933233785,0.6707554900032777
0.8708158843827011,0.8650728656423069,0.1275340957480596,0.8975165729060287,0.8049276421343585,0.8450234895662625
0.8725363970926007,0.8663126861635267,0.1250297021783166,0.9170911967320532,0.7854521770901177,0.8856959466841474
0.852594189136186,0.8546769102631491,0.1314412555610712,0.8797778079490918,0.936680910549475,0.8274445536982411
0.5569233940452427,0.5366340618627905,0.4404609542809955,0.6201720158438752,0.4111134056647234,0.6440429367420519
0.6419239779582322,0.6626101110442424,0.3502222075835249,0.6172263773368829,0.7797652142142302,0.6295422265923742
0.6692547158419475,0.6378397285980187,0.3314339623529301,0.6032596825321865,0.5408889453702086,0.7168442040860921
0.723806989952906,0.7249052200697295,0.2941624338611891,0.8190823066887835,0.66735238518848,0.5214711023708075
0.7288284611645517,0.7623194864489458,0.2576558099813435,0.8138639811573585,0.8166272179949485,0.7542144652026659
0.8604016563274057,0.874860655092469,0.126161913926028,0.8638985141939635,0.8459039570459563,0.8919479951928331
0.6010547616524936,0.6103910037150176,0.4002353824111346,0.4843302656977738,0.7089005734618989,0.7171828908554574
0.8583618415839547,0.8428576688580953,0.1463793926875001,0.7862493580397041,0.8953710028434815,0.8669179503987765
0.8574093504414725,0.8521261684022884,0.1177844292358835,0.8586152547475545,0.927340312306397,0.922773953894898
0.7626829601554743,0.7752052401303176,0.2283485824120756,0.7374485693877912,0.8065002938793665,0.7855375286791217
0.930148303069433,0.9222449067690516,0.074513060724192,0.9597114572941446,0.9505567822592176,0.9298235551185404
0.3627857721613028,0.3825084368739,0.6234399004359457,0.2545350436533,0.1777652459849724,0.339167486070141
0.7280748794855934,0.7178662390460301,0.2468921522727754,0.7557953519123037,0.68560467665327,0.8301895553370481
0.8458025680980628,0.8259934434888154,0.1526000875184977,0.7454354409307982,0.8372146590205081,0.8752212389380531
0.7603563331275047,0.741792299273502,0.2513639475547755,0.7919871548909995,0.6910533589617321,0.7246230744018356
0.8127819726656521,0.8205720060841986,0.1864943901113508,0.8151036286252309,0.8788978729488015,0.7178083688408173
0.9305159787293223,0.914352081095562,0.088987138074546,0.8856690849630762,0.8429175072675573,0.906276630612914
0.9180637409166332,0.9024864971927872,0.0724497886145963,0.9081303164642892,0.8555940334545917,0.9267316726756256
0.92492467341936,0.9107532369917244,0.0658062053438041,0.9246766586187966,0.9301917364299216,0.9332076914672786
0.932502907381292,0.9186739951295938,0.0663126127800533,0.9401899612167436,0.888730917697892,0.9265077023926582
0.7141970636847816,0.7177176891218287,0.2628645721827631,0.7304179973200001,0.6520944861876699,0.7098874685895336
0.834495954935996,0.8406440210559994,0.1602661903339113,0.82637851749969,0.8560308811615384,0.8504643286354202
0.8533178080465917,0.8596203216296306,0.1267433120105022,0.8264552575810346,0.9361408079299772,0.8736042827488256
0.7527831531265337,0.7660548187310027,0.2355244522447788,0.7873650407607893,0.7728074216454067,0.724095924833388
0.7869134539870246,0.7542406559558361,0.2052746951556629,0.7112034615679769,0.756898222426967,0.8037310171528462
0.5313147933588787,0.5311497764133191,0.4664344799354433,0.5264192487736343,0.5695858683738146,0.4787474052223315
0.6641973254077599,0.6415344318409779,0.3295897805685408,0.5599664704875356,0.6450254960207145,0.7308314213918934
0.9453674040094876,0.9461316076148976,0.0564256104532846,0.9286612397655296,0.9432256834680942,0.9312220037146292
0.800060611431807,0.7941320240625482,0.2028788174651161,0.791396846572965,0.8844577528553954,0.7627635747842239
0.684544391736846,0.6931345811526965,0.3030216231858145,0.7208963241501035,0.6739845276484886,0.7367365890964712
0.5713654484875932,0.5624715914140683,0.3863985785302068,0.7303117418227539,0.5852885577671523,0.6672976073418553
0.6601185984138865,0.6658591645145971,0.3349894013217175,0.6220491962952248,0.760567743165319,0.6683355184092648
0.6182579032668262,0.6234716498183119,0.377072976781719,0.5181018045725281,0.6726660418420677,0.6276248224625807
0.8191627788771145,0.8334641080529294,0.1655578833698386,0.8754213325619971,0.9364982287811154,0.840175352343494
0.581420303818863,0.5917276737081869,0.4012258471296521,0.4700566105676994,0.5919604136550651,0.6650415164426965
0.0,0.0,1.0,0.0107377083050475,0.1141602198535369,0.0569594668414727
0.6687146640135777,0.6329159969223502,0.3472349330554072,0.6604664616329108,0.7450953916538261,0.5930268764339561
0.6669981222730045,0.653825985825544,0.3340348144819587,0.5543703476325684,0.7114263474766088,0.6721102370807386
0.5807641913870036,0.5777722336068174,0.4079620659070751,0.6482529825327767,0.5408095185144001,0.5948022506282094
0.9395329670775958,0.940239762116976,0.0742669149494298,0.9540799159400954,0.973082238566504,0.8710313558396156
0.878615590133874,0.8920480082883239,0.1549074468360416,0.9713936589080476,0.917578751727534,0.7785480170435923
0.8343636494579898,0.8330286155400994,0.153434395240123,0.8215143769590857,0.8821384886657877,0.8606877526494047
0.7500208024643114,0.7452546551991203,0.2354353457098291,0.6594039066604487,0.7339518037838955,0.7422265923740852
0.8036599341288388,0.813289885654648,0.1687266058585635,0.8594889110582457,0.7941732458578895,0.8747869550966897
0.6657822836647498,0.662487589098213,0.3175995111197898,0.7786816054025016,0.5923496052485266,0.5884190975636405
0.9047855414840849,0.8874575616990048,0.0891041823019717,0.8359060937527669,0.9186986703944338,0.9134682617720968
0.8770230509354431,0.8754967534858444,0.1211216601223847,0.8544122595231489,0.8950453527346667,0.891136785753305
0.9332032419715574,0.9334667743336202,0.0613141184746372,0.9230651169105624,0.9917237216247556,0.9401016060308096
0.7699640934123604,0.7989884638922111,0.2060419524153458,0.8065087395146484,0.9212165017235628,0.7803643614115592
0.8570021455869263,0.8540655701904739,0.1338577189197582,0.900840008736563,0.8378421311813951,0.9240112531410468
0.6516053816742292,0.6334486182317733,0.3500901652264541,0.6071970390134767,0.4744880939143143,0.7227794165847264
0.9027944613641832,0.9072337464798744,0.0903022681877318,0.9170911967320532,0.8675636606249305,0.9246476565060636
0.7241001196886254,0.7352269004867866,0.2574990648225045,0.6340619705672272,0.8105987196390844,0.772044684802797
0.6973179170677496,0.6859686343818163,0.2934119392169917,0.6372437324014333,0.7112357230226685,0.6118649623074404
0.6742933344211383,0.6545852409936846,0.330736108202977,0.7400990537357661,0.5989261489094693,0.5748579700644598
0.7922517002517414,0.7799410625001586,0.2037454740938189,0.7459372030011274,0.8099950755349399,0.7951491314323174
0.8103670818194765,0.8050517131488266,0.1819590733390894,0.808982131367213,0.8652761671776461,0.7509805528242108
0.9097342717576178,0.901275878793419,0.085489927138498,0.923932870138073,0.8793347206557481,0.9573363924396374
0.4356238185238137,0.4874386438026747,0.5274062881570063,0.3889069260874954,0.4758383504630586,0.4797006445973999
0.8516611918431236,0.8412737711620158,0.1403780822626825,0.8202275048257704,0.8134104303347048,0.9269501802687644
0.932001662753156,0.9344996406869354,0.0575113574071939,0.9234252049845634,0.9661959301679084,0.9263929859062604
0.8954817408512927,0.8813574923757068,0.0986862226592919,0.9232540155723332,0.870264173722419,0.8899131432317274
0.4591927849653325,0.4636217741177784,0.5319633669213016,0.3716463108681663,0.3990802370097378,0.5248224625805747
0.8934462580743795,0.8823452858887728,0.1022243108506468,0.8255934074367042,0.9107480421280044,0.951043373757238
0.7744104960661231,0.7747443544680516,0.2020530380917203,0.6269251430021899,0.7673031405378787,0.839096471102371
0.9526440248012304,0.9428774755146556,0.0490071238175004,0.963583879860451,0.9754173881272736,0.9568829891838744
0.8205495496650036,0.8074970734395275,0.1720229594897577,0.8006764933324675,0.873941637146352,0.8833224079536766
0.7144613136435827,0.6963563369874075,0.2696266700858481,0.7645260119360342,0.7050801416975108,0.7193515787173606
0.9662411652701188,0.9415271947933884,0.054288818100331,0.9488261719095884,0.9516925862972788,0.908224079536764
0.7946223689395111,0.8063308930516724,0.2134289723869729,0.9148303158739808,0.9179441152642532,0.6450234895662625
0.8705904416241337,0.8623869052606987,0.1429401157032182,0.9188621216861566,0.8293672856666297,0.8541816890636951
0.4462725142679634,0.4670422313468272,0.5471779401627561,0.353458911589523,0.4223920191895284,0.5962635201573256
0.734806935983823,0.7861084236694624,0.2702874700331488,0.7210675135623335,0.698193833298915,0.8032666885174261
0.834293074503146,0.8342608181164884,0.1583864247517368,0.7665802848827943,0.8436005782275103,0.8516470009832843
0.5844647738018547,0.6373997922840375,0.3949151635207844,0.7044857529087442,0.5592444917475496,0.6356413197858626
0.8050364164962007,0.8111155972341781,0.1747282103643545,0.7986989604670518,0.8493431399024638,0.8407025019119415
0.8079429855444081,0.8036214440068358,0.1730125419653549,0.7029686605313954,0.7406633730997125,0.8936933245930297
0.6100760819673048,0.632456380917556,0.3506283334078339,0.6485186212758923,0.6462168988578418,0.6923440402053973
0.939754980362654,0.9375226951273083,0.0558215681338562,0.9621907522298896,0.9229638925513496,0.9936332350049164
0.7066661203575533,0.7281929980929744,0.2774665747565598,0.7199754431739697,0.8195501262887008,0.7676690702501914
0.444023862637673,0.4285290764257617,0.5384075632921071,0.3708789100547215,0.5457101555177837,0.4688490112531411
0.8116666717807939,0.7833329524360917,0.2095756293920993,0.812317373364108,0.7232450636209116,0.7634846498415822
0.8743565450328679,0.870809812928668,0.1028809936643195,0.9138976287314864,0.9277453892710203,0.9506964929531302
0.7824370885647094,0.7892559045420725,0.1987025735614147,0.8418564015985548,0.8299629870851932,0.8008712990276413
0.5694765305785395,0.5593691833817072,0.4123976892293431,0.5637798622220385,0.5298644977839907,0.5515131650824867
0.6271934867439116,0.6086128484257516,0.3499937066671685,0.6774968566082065,0.6049864180076567,0.7400524418223534
0.8503486059821931,0.8360396082344904,0.1445857928305411,0.8099443339256093,0.8165239630823975,0.8549273462252814
0.8616572046289228,0.8580015083530764,0.1264180584538869,0.8851614198095665,0.8835999428126639,0.8631432317273027
0.6214967702481982,0.6198975640351745,0.3713039903259122,0.4954457713263637,0.6062095915871075,0.7160056811974217
0.7412767280079144,0.7477952398002066,0.2493789009841125,0.5945172163420954,0.7568187955711585,0.7666065770785535
0.7351155885996359,0.7201719370148321,0.2570370636132435,0.6329935125115848,0.7271369795555274,0.7969135802469137
0.6117807107998994,0.6099834436665675,0.3743194966274794,0.5989799472264363,0.5885609442264619,0.6123811864962309
0.6377537381712495,0.649747211197363,0.3279252822589183,0.6477925420447099,0.630998713284936,0.7088768709712663
0.8194432737104322,0.8122716203622586,0.1774640456601882,0.8890515516254138,0.8916617686772251,0.664074620343057
0.7432324304010913,0.7454368510463246,0.2422974311438809,0.6805841691115269,0.7999316929040047,0.7166393532175244
0.8784728157367349,0.889886416442572,0.0986035859057576,0.8600674132099195,0.8804864100649712,0.9976182672347864
0.87669111399949,0.8692957463935379,0.1206190757387902,0.8782134909063003,0.941144699845912,0.8642111875887688
0.7905153036645368,0.7804216278532377,0.202726777601852,0.8140942014013919,0.863131642070817,0.7943379219927893
0.2063505185454194,0.2280653975170578,0.7915839318861413,0.0471125068623341,0.3813601054788644,0.2103982300884956
0.6337614700095249,0.6386294555454829,0.345551613563485,0.659752188568089,0.6713793267779702,0.609485960887141
0.8780248181972918,0.8913116069546757,0.117595335169967,0.8940750754118876,0.9426458674206925,0.831984048945701
0.9082890194214694,0.9042830625153944,0.0871747170352873,0.9198656458268152,0.9218995726835156,0.9119441713099532
0.6151746260836009,0.6455421056507376,0.3622457081822737,0.6133598578537569,0.6706327143333705,0.5156642630831423
1.0,1.0,0.0,0.9954369167015932,1.0,1.0
0.7068969780742929,0.7126517558093177,0.2668528983444417,0.5749898171815138,0.7610522469857508,0.7197011908663827
0.7454529242488867,0.7565228652614097,0.2396074724799025,0.7378676882935957,0.7604883163095106,0.790904621435595
0.5469909167686634,0.5375088558608658,0.4349387017618979,0.4555232197776898,0.4607472478594462,0.5576341090352891
0.7282579050718123,0.7380944218868633,0.2684935760952163,0.8504689999586783,0.7499166018014012,0.7375013656724572
0.8158544199325333,0.8133870144512413,0.1699982119876815,0.7339008163964038,0.8375164810725803,0.8931934884737246
0.5393356099020812,0.5511087918701292,0.4434867534166327,0.4696020731628129,0.5745738749185876,0.594936086529007
0.9143570215491872,0.9115867671219656,0.0763019552855761,0.8995531366032478,0.9333529252910996,0.9400387850977824
0.8118616102749914,0.7872949185768663,0.2025647389854912,0.7851159660690779,0.7621086241680037,0.7599175133835903
0.6284582404743215,0.6402673136841142,0.3639387323463192,0.7079626689019674,0.7842687169385714,0.6547143013219711
0.5929236604611847,0.5778039750436126,0.4148332678513032,0.582740565397307,0.5682912106241362,0.5252103135583963
0.8861342595559121,0.8842954797654687,0.102466339491781,0.8861472347006841,0.9331225874092548,0.919253250300448
0.7286867697590469,0.7255444926067844,0.271167360305656,0.6061580963737359,0.667296786389414,0.7254725226701629
0.8259107192526491,0.8293897772258999,0.172560833590164,0.8684615974923702,0.8460707534431542,0.8546405550092867
0.8424850037245888,0.8482359379086709,0.1397837446153773,0.8618796597462854,0.9037028800177916,0.9165382934556976
0.781742890927039,0.7763669767170212,0.2250554636715891,0.8078487393965867,0.8362933074931296,0.7903392330383482
0.6610725335452146,0.677756489854167,0.3063947319510743,0.7458427536702419,0.7422439675303014,0.7483775811209441
0.8064728244006679,0.8131083246361795,0.1885829531846616,0.8766019491980661,0.8563247605280297,0.645307549437343
0.9307861851421128,0.922322990703568,0.0684920468741545,0.9626629988843172,0.9329160775841528,0.9313367202010272
0.8902613601761233,0.869071017021028,0.1033259381771214,0.8720447689828397,0.8993264602627441,0.9306730033868678
0.8889536477775477,0.8813371778561578,0.0961994739479547,0.8598667083817877,0.8456418484217885,0.9155577406314872
0.8060988312895777,0.8089711457642956,0.1920948681693812,0.7372832830587415,0.8424727168750298,0.7254561346006775
0.6933870184319761,0.6967080321070981,0.2961565969420284,0.6140210031699556,0.6604104779908183,0.6844477220583416
0.7125996510239956,0.7193974459570296,0.272860090388728,0.6573673429632296,0.6486950167590666,0.7706380421719656
0.5587868616508871,0.5558827039641245,0.430246933911771,0.5275113191619982,0.4629711998220839,0.6597727521031357
0.5446781881333358,0.502279035161894,0.5009737021030318,0.4731321169046592,0.394290797604486,0.4263820605266034
0.9332212918321312,0.941596391125602,0.0608927004397098,0.9424508420748156,0.996743498911852,0.9171910848902
0.6827848913281069,0.7048560589324211,0.2751224553173368,0.6896631110428977,0.7897412273037759,0.7264202993554028
0.7691180964472639,0.7776652014819441,0.218206023719395,0.7759897994722643,0.7789947737128878,0.7354801704359228
0.368352890658096,0.4117359518749031,0.6310304244411874,0.2052324929310578,0.2058188114565297,0.6552387195455043
0.7806423909278513,0.7544450708087971,0.2146367629448563,0.7857771113852765,0.636979555527315,0.9674177865180816
0.5339749818102529,0.5734382578268034,0.4768772953019976,0.5129484129560868,0.6104668710584422,0.5842647219490877
0.770543493936781,0.7370628251910198,0.2317769784003406,0.8415612474395376,0.6587266286476784,0.8179995629848138
0.8593022393198524,0.8510266450317032,0.1383959765017539,0.8170280337420234,0.8213928293434576,0.9129165300994212
0.6131315623652465,0.6408627830383917,0.3567149273149466,0.610231223768174,0.6063763879843053,0.6463563858844096
0.8019148736085588,0.8038906113908588,0.1894734303722124,0.8047791361428073,0.8161188861177742,0.7747814924068612
0.7185385966486102,0.7249401356502042,0.2614959193324127,0.7919576394750978,0.7427761274642182,0.7020075385119634
0.630603285904918,0.6084788995624759,0.3929651125859599,0.6932757979492689,0.5526838334577688,0.441844204086092
0.9071145149939288,0.8824805044095203,0.0916668039044542,0.9086143692850775,0.8452129434004225,0.9974188790560472
0.629558920972115,0.660636428504318,0.3537994085443462,0.6645395890273489,0.7547934107480421,0.6153829345569759
0.5807533614706593,0.569989233304639,0.4250028819935396,0.4714674474478019,0.5078950294673635,0.5629438435485634
0.6617362269185152,0.6618476817324221,0.3219601437938327,0.5397307013453125,0.6089736461692428,0.7005353436031903
0.7166316288789827,0.7207553446231274,0.2462986968683905,0.61871395429833,0.6820701815697924,0.9396454714301324
0.9231278097992331,0.919607828200108,0.0794800883654509,0.8758758699668836,0.8968801131038426,0.9522260461051024
0.5392424726215201,0.5442653380970881,0.4544889107946538,0.5518379249482004,0.5182761195215326,0.7102698568775266
0.5958287855205462,0.5778814241493929,0.4090819262539024,0.6414231152931175,0.5382678591285286,0.5864853053643615
0.7970466457131852,0.8231189389726439,0.1876157208630453,0.7948678594830079,0.7945703801369319,0.8180541898830985
0.7103751862068741,0.7128117326507655,0.2753715419018334,0.6128935142825097,0.7974615176883608,0.7531273899268001
0.4858381696430586,0.4426978189823948,0.5147778629959088,0.3789366185958924,0.1747629108354117,0.5734895662624278
0.8731898020453741,0.8692836846475557,0.1206702458281673,0.8477063570302769,0.7660720242728472,0.9341609308423467
0.6770248198217792,0.6673306975244218,0.3192981228223304,0.8108593118185627,0.6759622563581198,0.5956407735168798
0.8939751189891934,0.8969311109248945,0.0930557483419714,0.9559452902250845,0.9030198090578386,0.9371271714192068
0.5883704026328248,0.5839624486106137,0.4111728419750008,0.5007290307727725,0.4759972041746756,0.6842237517753743
0.3159972845789752,0.3279804574321938,0.7013740051240669,0.4117400518290702,0.2005289828596845,0.0
0.8733334789355419,0.8697636151718988,0.115028302352883,0.8914954280620767,0.916848024654096,0.8234950289522562
0.5620482909579765,0.5503958791997094,0.4141230623004661,0.6512576518715725,0.7106479642896857,0.609128154703376
0.628060241048668,0.6681540703948887,0.3956912432096703,0.783663807606713,0.8206541595844388,0.520679012345679
0.8941016485118161,0.8915782350237552,0.1149339023604115,0.9538201802801602,0.9873790726120316,0.8060854364689174
0.8469954833833886,0.8311768201174686,0.1826978047443495,0.9006452069916117,0.8861177741417928,0.6866491860592157
0.8861073652636571,0.8800510148372171,0.1157035122678818,0.8621689108221223,0.901796635478388,0.8722850431552498
0.7129193140547585,0.7256257506849801,0.2854658713148713,0.7779201076722372,0.7965083954186589,0.621766087621545
0.6345146906912718,0.6432389469968791,0.3611517269611083,0.6109041752507334,0.592802338326635,0.5887577843330056
0.955763040708392,0.9525782934279988,0.0541044293299894,1.0,0.9666010071325316,0.890139844859609
0.8319839558399331,0.7991890697727566,0.1700923178991796,0.8080022195592758,0.8034026465028355,0.7975445209221022
0.8226568708870008,0.8391896284220441,0.1708304611424928,0.7862788734556058,0.9574351479722324,0.7267781055391676
0.6531811345023265,0.6267289560622336,0.3363565837672008,0.5804914907055955,0.690958046734762,0.705640227247897
0.6785805373046396,0.6827157719390462,0.3145622428261887,0.660590426379698,0.5810630490381408,0.6637577843330057
0.8567680388952835,0.8628427122930775,0.1348778858165922,0.7969516478456697,0.9232736572890026,0.9091445427728616
0.6553583086847445,0.6803427821242385,0.3233355605065721,0.6799466361280496,0.7473590570443678,0.7017644488145964
0.7965009984280377,0.7864544053305298,0.2108801725902417,0.8123586949463704,0.7972550078632588,0.7343220801922867
0.642073972299601,0.6344713273253141,0.3537282409487758,0.471178196371965,0.5780210004606758,0.7603190210859829
0.8522777750803263,0.8562151002902436,0.1461238363215881,0.8745830947503881,0.8814951311337389,0.8271850759313887
0.65084548254407,0.6567208048612645,0.3388989137825165,0.6367419703311039,0.7202506711569316,0.65773790014203
0.6412595625905088,0.6480712633345775,0.3430860386822349,0.6657497210793196,0.6020317389715811,0.6300092865727085
0.8078691616146612,0.820792926484293,0.1796273053007507,0.835581424177848,0.9016933805658368,0.8073254670599804
0.5515107823549616,0.5564470667103428,0.445573552004103,0.6282592398009479,0.538402884783403,0.5298836447066537
0.7301159577192846,0.7337147384378642,0.2682456658346135,0.7877959658329545,0.8117424663627266,0.6683082049601226
0.4712490088370311,0.4914285424078292,0.5335822826800423,0.3454602338801555,0.489404457435148,0.5894488145963073
0.6957928843478648,0.6804894275622322,0.2945512089080656,0.5439218904033576,0.6671855887912821,0.9803397793073312
0.7956929061701463,0.8011151401574882,0.1913646651123507,0.7461024893301771,0.6939524391987419,0.9162132634109036
0.6653117237995895,0.6702578928256735,0.3269136437103138,0.7520173786768829,0.6808708360470843,0.6448022506282094
0.0974095020603013,0.1479830221402869,0.9139351445584432,0.0255721563372548,0.0,0.1860127826941987
0.9115695815807672,0.9357534274403452,0.069181372675878,0.9106981576477392,0.9695080300551222,0.9786518081503334
0.6077642558250058,0.5783105683748637,0.3822355682703098,0.3509205858219747,0.3529173484138458,0.8723178192942206
0.7543042148770922,0.7453689243715829,0.2393336830936377,0.6879630230869582,0.7952375657257232,0.7932208019228669
0.5312604632785514,0.5285901469501557,0.4671638007495536,0.4437701811656227,0.4023367380978857,0.5572790341964384
0.8768651146554218,0.8815917441792552,0.1093213669824704,0.8867080276028169,0.8643548156502676,0.9344094832295424
0.7319779813360832,0.7629892307653241,0.2544812058731499,0.7925302385435913,0.753959428762053,0.751029717032667
0.6959398102129359,0.6710749174087813,0.2884125626686554,0.6075571270874777,0.7049848294705405,0.7293346443788923
0.7446482614645042,0.7478980820554231,0.2344328236714009,0.7437294498916783,0.8640291655414529,0.7376106194690266
0.6813232136188363,0.6654896941903012,0.3221133599809906,0.5661410954941766,0.601618719321377,0.6967824756910304
0.9002340886417823,0.9002950683964479,0.0818962576431645,0.9653075801491118,0.9620339629235436,0.9127471867147384
0.7203091074722994,0.735856650592803,0.2684762253177839,0.8148911176307385,0.7812107829899446,0.7601059761826725
0.7388493827579429,0.7237631631738388,0.253266945533851,0.7766155262893808,0.7656192911947388,0.7126078881241125
0.8854896990348198,0.917968065575269,0.1098560061921689,0.9588850256488964,0.9827564296039776,0.8802906150988747
0.9463518434051856,0.9339181375648477,0.0536144904282524,0.920886879217015,0.9861320709758384,0.9331721839833936
0.8647670151071918,0.8640672969246356,0.1269591674450009,0.8831838869441508,0.8810344553700498,0.8483721184311156
0.8463305265198479,0.8430874768604925,0.1774896307048768,0.929216129584482,0.7907102349446395,0.6768245384027096
0.7650955045197754,0.7707512817192177,0.2363675823956071,0.7608897126969416,0.8638544264586743,0.802441822353327
0.8622257752369992,0.861778739331703,0.1280963785692608,0.892097542546472,0.8972057632126574,0.851851851851852
0.6091069849530948,0.6136870345118293,0.391473533888715,0.3539311582439507,0.4686819907547139,0.8963017589861249
0.7269781699571262,0.7370272747818093,0.2590876902409817,0.736368305165788,0.6626662006957793,0.7636075603627227
0.6938611882692511,0.675543476880807,0.3032651222318158,0.8414786042750128,0.681776302203301,0.6557467496995522
0.7052318784363549,0.6953793355628518,0.289687991850428,0.737153415228774,0.7888039904052359,0.6608215885502022
0.6501543533826972,0.6921448831534227,0.3111638430972137,0.6934292781119578,0.6781464948928532,0.6375423358461707
0.5618172527426312,0.5617643922022716,0.3935544508567167,0.63701941524058,0.5291655414528761,0.6584917513383591
0.7231626099304196,0.7227442630527136,0.2763420091141575,0.7423776438433793,0.7299566329367286,0.7052332568556758
0.8131180610695372,0.8488098230859278,0.1973530359743373,0.9292279357508426,0.9463789296436912,0.7325385119632908
0.9608516574013723,0.9452257070087632,0.0573552004103017,0.9775387684987868,0.9902781528490412,0.9116164099202448
0.903229463004013,0.8891601723686983,0.0967646975788901,0.9520138368269748,0.956609108671824,0.8897137550529882
0.7844593949434038,0.765809140010208,0.2119691544348587,0.7396090978317975,0.8138631634128132,0.7166393532175244
0.8536874691911442,0.867950544302158,0.1191454359809247,0.9207983329693098,0.9256326349065146,0.9061455260570306
0.720325893842633,0.722656021858423,0.2692452470633074,0.7397861903272078,0.688805578942352,0.7350950508030155
0.7393069467234901,0.7246246257684601,0.2385499572994426,0.7551991405110888,0.8149036552239043,0.7824483775811211
0.4779935197390567,0.4713228815130253,0.5484007288502846,0.5542286736362401,0.4905879175866945,0.5114088277067629
0.683332885095129,0.6744445883389578,0.3126754193006519,0.6245166850646091,0.5954949087385427,0.6894870534251066
0.5826263955024079,0.6070562483653159,0.403178838874211,0.442595467612734,0.6284570538990644,0.6203375942313996
0.4477184885985348,0.4310436330486761,0.5497917318546157,0.2808096668890161,0.3181601563120523,0.5888096798863762
0.7131528792505842,0.7301933434398067,0.2656998068476166,0.71108539990437,0.7283839811917205,0.6714246695072654
0.6841676911466696,0.6881537148907967,0.300918356063832,0.6037850569352372,0.7009578878810503,0.760668633235005
0.874141751692039,0.8556735913785178,0.109383123986891,0.9407566572020566,0.7961827453098442,0.916841472741178
0.7957203419582185,0.8060839446734059,0.1910291187216652,0.8413664456945862,0.7902019030674652,0.8098628864853055
0.8099398416196935,0.8191880794399287,0.1774637515792148,0.8005230131697785,0.7417674063954505,0.8142576204523109
0.6437912360345972,0.6730828807004445,0.3551824713623948,0.7665684787164335,0.7395275690616512,0.6396673221894462
0.9245671056813922,0.9331004781530038,0.0645216596518551,0.919381593006027,0.948690251147718,0.9914863979023272
0.7087595431869087,0.7062437945491065,0.2685668022576008,0.7961724408658641,0.8663007736175756,0.7197203102807823
0.860152929248698,0.8520011071413154,0.1337891980529487,0.8599021268808698,0.8906848183507807,0.8964629083360648
0.8908015925030988,0.8784106173836421,0.1200209150388304,0.845126709680466,0.94795952407428,0.8438981754615974
0.8978711813940593,0.9071613760039816,0.0949358080051193,0.8641877652698003,0.9479198106463758,0.9008931497869552
0.7873004429977281,0.786769280383538,0.2080922849621106,0.7344675123817168,0.8316071230004289,0.7462444007429259
0.7059323935252262,0.6922426467787519,0.2909563630888383,0.6272852310761909,0.6112929103588505,0.7721921774281657
0.8607705954775352,0.8681390884367215,0.1321879271526139,0.8379485605331664,0.8770233991517211,0.919195892057249
0.8896373764960852,0.8951269276574565,0.1012761937923035,0.8817140192322449,0.9155057107909328,0.9132224407298156
0.6071052554154546,0.5932125381214655,0.3773367674148871,0.4986629516596518,0.6710695620403171,0.5688817873921119
0.5464102527540026,0.6147459288433166,0.4553440982653928,0.5854736929098067,0.5855744944480628,0.4796897192177428
0.9098393219461576,0.9132208162881816,0.0844915222336979,0.9639793864335342,0.8518371431748503,0.9391756801048836
0.8599143100919117,0.858340506898049,0.1274761617962936,0.7937816921778245,0.8819875776397516,0.9103763793291818
0.9009299107669042,0.9175636796704985,0.1150103634135037,0.9274629138799194,0.9557036425156074,0.8639517098219165
0.6529852935151002,0.6684613275030662,0.3593781246103427,0.5090051533916163,0.5090943749900717,0.7663170545176445
0.536460628109878,0.5650737544025372,0.4427215547237639,0.5666959853131289,0.3847754602786294,0.5793373757238065
0.790980448571525,0.8015480933553745,0.1996165772268399,0.8216442447890533,0.8338390176486474,0.7931443242652683
0.8017154226492178,0.8255477937162111,0.1882629930855681,0.7175492759868478,0.8864513669361884,0.8103272151207256
0.9173363315355072,0.9187508094066382,0.0715281388438618,0.9209636192983596,0.9605963368334102,0.9311755708510872
0.6278210803960644,0.6357454285982727,0.34368037632954,0.4998671806284421,0.7494003272386459,0.6650142029935541
0.4903565912405109,0.4891190354666117,0.4891295908980763,0.4294374952037448,0.4452034121777256,0.5916311591827816
0.9404231862010982,0.9108852813687922,0.058586811527033,0.9189506679338618,0.920581086877095,0.9486370588877964
0.8947440430496395,0.90133618752333,0.0896938146537019,0.9286199181832672,0.9515655033279852,0.914014530754944
0.6767802442110036,0.6528013722457955,0.2978090379317402,0.660590426379698,0.7038331400613176,0.7534551513165084
0.5593352164151209,0.5663478556754957,0.455987547435261,0.5326115830298164,0.5113500976950326,0.5411859499617613
0.867516369869801,0.8561459039580301,0.1196339044777945,0.7720111214087116,0.9068720115645502,0.956533377034852
0.3835299354230137,0.4259072337464797,0.5675580457025359,0.293501295726758,0.3091928642912741,0.5610182453840272
0.7914116597406343,0.7794052670470559,0.1865611464923197,0.8557522594050873,0.8044907944274118,0.8658663826067957
0.8645426553402589,0.8484244820432343,0.1234866593107212,0.8488161366681817,0.8770233991517211,0.8609800065552279
0.8230014427253557,0.8260556567049341,0.1719800236676367,0.7671646901176483,0.8057298533780242,0.8409100841254235
0.8063500853487657,0.8395476718290938,0.1591886776472581,0.8896241506939073,0.933750059570142,0.8076696165191741
0.536281934490197,0.5350946021782244,0.4553932097879558,0.5658282320856183,0.4109783800098489,0.4774472850431553
0.6968542161496074,0.6788604570259034,0.2825744671840923,0.5706510510439602,0.7151514670140269,0.7192177428165629
0.7318090346411119,0.7029172919729714,0.274793378708067,0.6964398505339338,0.6624994042985815,0.8126543209876544
0.8744480578259773,0.8678705558814342,0.1153947272457787,0.8809348122524394,0.8327429270384903,0.8888697694744894
0.9254555198188372,0.9349408466583884,0.0800076696317871,0.9217723416940669,0.9796349541707042,0.8703348628864854
0.5995943474334632,0.6053403062921685,0.3806360618558156,0.6213526324799441,0.6695445664087942,0.5222358789467936
0.7245486587238856,0.7401957050027043,0.258177509628211,0.7099579110169241,0.8189147114422328,0.7282339123784553
0.8707361039989646,0.8721061332073832,0.1175903357934187,0.8836738428481195,0.7665247573509555,0.8908991587457665
0.6955039060800774,0.6982906601457057,0.3136955861974859,0.8292533190085181,0.7270257819573954,0.4780044794056595
0.3889304537067103,0.3993567915247824,0.5975113691704328,0.420323134773292,0.485726994011215,0.520282967333115
0.6645659035606779,0.650735639539165,0.3516605576245786,0.6959321853804241,0.7195914282537211,0.6474953567136459
0.5601023354895095,0.608017379071474,0.415085295245534,0.5618436509388853,0.6519356324760528,0.6306019884190976
